0.9290000000,0.8800000000,0.8850000000,0.9020000000,0.9170000000,0.9300000000,0.9430000000,0.8890000000,0.8840000000,0.8850000000,0.8990000000,0.9130000000,0.9420000000,0.9510000000,0.9270000000,0.9040000000,0.9060000000,0.9130000000,0.9340000000,0.9460000000,0.9640000000,0.9780000000,0.9990000000,0.9730000000,0.9560000000
0.9288181818,0.8817272727,0.8821818182,0.9031818182,0.9168181818,0.9312727273,0.9465454545,0.8900000000,0.8817272727,0.8815454545,0.8998181818,0.9130909091,0.9427272727,0.9531818182,0.9274545455,0.9098181818,0.9050909091,0.9117272727,0.9305454545,0.9540909091,0.9630000000,0.9791818182,0.9978181818,0.9700909091,0.9523636364
0.9289090909,0.8829090909,0.8829090909,0.9047272727,0.9190000000,0.9332727273,0.9480000000,0.8903636364,0.8830909091,0.8825454545,0.9000000000,0.9112727273,0.9447272727,0.9559090909,0.9297272727,0.9077272727,0.9040000000,0.9110909091,0.9350000000,0.9540000000,0.9664545455,0.9806363636,0.9991818182,0.9697272727,0.9530909091
0.9285454545,0.8836363636,0.8830000000,0.9052727273,0.9204545455,0.9351818182,0.9507272727,0.8905454545,0.8829090909,0.8830909091,0.9002727273,0.9136363636,0.9446363636,0.9584545455,0.9312727273,0.9088181818,0.9040000000,0.9112727273,0.9351818182,0.9566363636,0.9672727273,0.9824545455,1.0000000000,0.9699090909,0.9532727273
0.9290909091,0.8828181818,0.8834545455,0.9049090909,0.9220000000,0.9370000000,0.9524545455,0.8906363636,0.8837272727,0.8839090909,0.9004545455,0.9170909091,0.9480000000,0.9596363636,0.9320909091,0.9075454545,0.9031818182,0.9129090909,0.9368181818,0.9577272727,0.9700000000,0.9855454545,0.9999090909,0.9695454545,0.9540000000
0.9293636364,0.8827272727,0.8818181818,0.9060000000,0.9234545455,0.9383636364,0.9547272727,0.8908181818,0.8836363636,0.8838181818,0.9013636364,0.9180000000,0.9513636364,0.9628181818,0.9359090909,0.9087272727,0.9037272727,0.9130000000,0.9375454545,0.9591818182,0.9719090909,0.9879090909,1.0000000000,0.9711818182,0.9539090909
0.9303636364,0.8833636364,0.8834545455,0.9080000000,0.9251818182,0.9397272727,0.9578181818,0.8915454545,0.8835454545,0.8830000000,0.9022727273,0.9191818182,0.9529090909,0.9660000000,0.9363636364,0.9073636364,0.9009090909,0.9139090909,0.9390000000,0.9622727273,0.9735454545,0.9903636364,1.0004545455,0.9705454545,0.9539090909
0.9310909091,0.8842727273,0.8824545455,0.9086363636,0.9260000000,0.9433636364,0.9594545455,0.8901818182,0.8833636364,0.8843636364,0.9022727273,0.9199090909,0.9547272727,0.9675454545,0.9382727273,0.9094545455,0.9038181818,0.9141818182,0.9390909091,0.9639090909,0.9766363636,0.9915454545,1.0008181818,0.9710909091,0.9552727273
0.9310909091,0.8882727273,0.8830909091,0.9097272727,0.9268181818,0.9452727273,0.9628181818,0.8913636364,0.8840000000,0.8851818182,0.9022727273,0.9207272727,0.9564545455,0.9698181818,0.9390909091,0.9091818182,0.9050909091,0.9137272727,0.9406363636,0.9647272727,0.9780000000,0.9940000000,1.0006363636,0.9715454545,0.9536363636
0.9316363636,0.8841818182,0.8830000000,0.9110909091,0.9284545455,0.9480909091,0.9664545455,0.8930000000,0.8843636364,0.8852727273,0.9040000000,0.9217272727,0.9589090909,0.9731818182,0.9413636364,0.9087272727,0.9049090909,0.9136363636,0.9419090909,0.9664545455,0.9796363636,0.9970909091,1.0010909091,0.9713636364,0.9547272727
0.9310000000,0.8840000000,0.8830000000,0.9111818182,0.9311818182,0.9484545455,0.9677272727,0.8934545455,0.8831818182,0.8827272727,0.9040909091,0.9233636364,0.9600000000,0.9731818182,0.9431818182,0.9088181818,0.9050000000,0.9160909091,0.9406363636,0.9676363636,0.9790000000,0.9991818182,0.9997272727,0.9707272727,0.9542727273
0.9325454545,0.8827272727,0.8824545455,0.9111818182,0.9315454545,0.9504545455,0.9699090909,0.8924545455,0.8820909091,0.8835454545,0.9028181818,0.9233636364,0.9613636364,0.9759090909,0.9437272727,0.9084545455,0.9031818182,0.9161818182,0.9436363636,0.9691818182,0.9820000000,0.9994545455,0.9994545455,0.9713636364,0.9544545455
0.9319090909,0.8816363636,0.8825454545,0.9114545455,0.9345454545,0.9535454545,0.9730000000,0.8919090909,0.8808181818,0.8829090909,0.9030909091,0.9246363636,0.9649090909,0.9794545455,0.9469090909,0.9073636364,0.9027272727,0.9158181818,0.9457272727,0.9709090909,0.9823636364,1.0004545455,1.0007272727,0.9725454545,0.9540909091
0.9334545455,0.8820000000,0.8821818182,0.9128181818,0.9360909091,0.9555454545,0.9743636364,0.8931818182,0.8818181818,0.8832727273,0.9030909091,0.9258181818,0.9663636364,0.9813636364,0.9492727273,0.9070000000,0.9028181818,0.9159090909,0.9471818182,0.9725454545,0.9853636364,1.0015454545,1.0008181818,0.9726363636,0.9551818182
0.9333636364,0.8814545455,0.8815454545,0.9136363636,0.9367272727,0.9570909091,0.9762727273,0.8939090909,0.8819090909,0.8842727273,0.9040909091,0.9270909091,0.9688181818,0.9829090909,0.9500000000,0.9070000000,0.9039090909,0.9161818182,0.9480909091,0.9744545455,0.9869090909,1.0021818182,1.0009090909,0.9728181818,0.9546363636
0.9338181818,0.8388181818,0.8823636364,0.9152727273,0.9393636364,0.9585454545,0.9775454545,0.8943636364,0.8818181818,0.8838181818,0.9045454545,0.9282727273,0.9706363636,0.9860909091,0.9516363636,0.9083636364,0.9040000000,0.9166363636,0.9490909091,0.9756363636,0.9894545455,1.0060909091,1.0010909091,0.9738181818,0.9545454545
0.9347272727,0.8760000000,0.8819090909,0.9165454545,0.9410909091,0.9611818182,0.9795454545,0.8942727273,0.8822727273,0.8849090909,0.9053636364,0.9293636364,0.9720909091,0.9873636364,0.9531818182,0.9077272727,0.9042727273,0.9172727273,0.9501818182,0.9768181818,0.9899090909,1.0097272727,1.0012727273,0.9736363636,0.9537272727
0.9348181818,0.8820000000,0.8825454545,0.9174545455,0.9427272727,0.9625454545,0.9824545455,0.8958181818,0.8820909091,0.8850000000,0.9061818182,0.9304545455,0.9749090909,0.9913636364,0.9554545455,0.9083636364,0.9043636364,0.9182727273,0.9520909091,0.9794545455,0.9898181818,1.0111818182,1.0016363636,0.9732727273,0.9541818182
0.9349090909,0.8783636364,0.8814545455,0.9190000000,0.9451818182,0.9660909091,0.9857272727,0.8962727273,0.8818181818,0.8854545455,0.9077272727,0.9329090909,0.9786363636,0.9943636364,0.9581818182,0.9077272727,0.9040909091,0.9186363636,0.9537272727,0.9821818182,0.9977272727,1.0176363636,1.0017272727,0.9740000000,0.9553636364
0.9359090909,0.8406363636,0.8830909091,0.9220000000,0.9481818182,0.9703636364,0.9910000000,0.8970000000,0.8825454545,0.8858181818,0.9080909091,0.9356363636,0.9832727273,0.9991818182,0.9620000000,0.9086363636,0.9043636364,0.9200909091,0.9563636364,0.9865454545,1.0030909091,1.0235454545,1.0013636364,0.9748181818,0.9552727273
0.9380000000,0.8739090909,0.8839090909,0.9252727273,0.9545454545,0.9771818182,0.9990909091,0.8985454545,0.8826363636,0.8863636364,0.9103636364,0.9397272727,0.9914545455,1.0060000000,0.9683636364,0.9078181818,0.9005454545,0.9221818182,0.9600909091,0.9908181818,1.0098181818,1.0315454545,1.0024545455,0.9737272727,0.9555454545
0.9398181818,0.8826363636,0.8834545455,0.9310000000,0.9620909091,0.9833636364,1.0100000000,0.9016363636,0.8820909091,0.8871818182,0.9130909091,0.9456363636,0.9959090909,1.0175454545,0.9764545455,0.9060000000,0.9007272727,0.9328181818,0.9640909091,0.9972727273,1.0199090909,1.0428181818,1.0135454545,0.9763636364,0.9562727273
0.9420000000,0.8796363636,0.8862727273,0.9369090909,0.9708181818,0.9965454545,1.0246363636,0.9000000000,0.8848181818,0.8880909091,0.9155454545,0.9515454545,1.0117272727,1.0313636364,0.9945454545,0.9007272727,0.8995454545,0.9424545455,0.9685454545,1.0067272727,1.0324545455,1.0574545455,1.0143636364,0.9769090909,0.9562727273
0.9404545455,0.8879090909,0.8833636364,0.9456363636,0.9834545455,1.0081818182,1.0417272727,0.9075454545,0.8848181818,0.8890909091,0.9196363636,0.9543636364,1.0297272727,1.0581818182,1.0129090909,0.9075454545,0.8977272727,0.9550000000,0.9715454545,1.0182727273,1.0472727273,1.0754545455,1.0164545455,0.9732727273,0.9580000000
0.9437272727,0.8917272727,0.8846363636,0.9532727273,0.9958181818,1.0182727273,1.0670000000,0.9100909091,0.8850909091,0.8903636364,0.9230000000,0.9606363636,1.0420000000,1.0685454545,1.0103636364,0.9084545455,0.9099090909,0.9558181818,0.9826363636,1.0275454545,1.0664545455,1.0967272727,1.0098181818,0.9775454545,0.9593636364
0.9506363636,0.8718181818,0.8797272727,0.9592727273,1.0064545455,1.0386363636,1.0916363636,0.9108181818,0.8828181818,0.8980909091,0.9314545455,0.9657272727,1.0689090909,1.1013636364,1.0265454545,0.9093636364,0.9131818182,0.9580909091,0.9992727273,1.0386363636,1.0880000000,1.1194545455,1.0141818182,0.9753636364,0.9617272727
0.9541818182,0.8572727273,0.8901818182,0.9725454545,1.0339090909,1.0635454545,1.1200909091,0.9110000000,0.8836363636,0.9001818182,0.9256363636,0.9840000000,1.0897272727,1.1263636364,1.0469090909,0.9098181818,0.9119090909,0.9551818182,1.0165454545,1.0615454545,1.1110909091,1.1484545455,1.0122727273,0.9753636364,0.9636363636
0.9595454545,0.8832727273,0.8867272727,0.9931818182,1.0604545455,1.0916363636,1.1436363636,0.9139090909,0.8870000000,0.9090909091,0.9436363636,1.0210909091,1.1177272727,1.1586363636,1.0728181818,0.9105454545,0.9116363636,0.9552727273,1.0330000000,1.0936363636,1.1386363636,1.1798181818,1.0119090909,0.9780909091,0.9648181818
0.9624545455,0.8779090909,0.8850000000,1.0102727273,1.0840000000,1.1242727273,1.1749090909,0.9228181818,0.8863636364,0.9101818182,0.9521818182,1.0299090909,1.1523636364,1.1872727273,1.0968181818,0.9120909091,0.9176363636,0.9631818182,1.0504545455,1.1178181818,1.1697272727,1.2133636364,1.0080000000,0.9788181818,0.9682727273
0.9752727273,0.8733636364,0.8876363636,1.0279090909,1.1069090909,1.1594545455,1.2122727273,0.9398181818,0.8860000000,0.9053636364,0.9595454545,1.0469090909,1.1803636364,1.2238181818,1.1232727273,0.9128181818,0.9189090909,0.9711818182,1.0670909091,1.1439090909,1.2017272727,1.2500000000,1.0091818182,0.9783636364,0.9676363636
0.9871818182,0.8786363636,0.8900909091,1.0486363636,1.1330909091,1.2015454545,1.2492727273,0.9623636364,0.8872727273,0.9058181818,0.9674545455,1.0630000000,1.2133636364,1.2629090909,1.1504545455,0.9120000000,0.9220909091,0.9794545455,1.0882727273,1.1716363636,1.2345454545,1.2871818182,1.0114545455,0.9795454545,0.9708181818
0.9924545455,0.8896363636,0.8975454545,1.0694545455,1.1608181818,1.2472727273,1.2890909091,0.9684545455,0.8874545455,0.9127272727,0.9790909091,1.0851818182,1.2478181818,1.3030909091,1.1800909091,0.9148181818,0.9238181818,0.9888181818,1.1093636364,1.1996363636,1.2700000000,1.3249090909,1.0105454545,0.9781818182,0.9746363636
0.9995454545,0.8875454545,0.8955454545,1.0922727273,1.1890909091,1.2777272727,1.3260000000,0.9720909091,0.8888181818,0.9146363636,0.9913636364,1.1099090909,1.2833636364,1.3388181818,1.2120909091,0.9136363636,0.9260909091,0.9999090909,1.1326363636,1.2300000000,1.3041818182,1.3640000000,1.0141818182,0.9794545455,0.9775454545
1.0086363636,0.8928181818,0.9029090909,1.1135454545,1.2206363636,1.3045454545,1.3636363636,0.9827272727,0.8900000000,0.9196363636,1.0018181818,1.1343636364,1.3166363636,1.3791818182,1.2424545455,0.9150909091,0.9286363636,1.0118181818,1.1525454545,1.2598181818,1.3401818182,1.4043636364,1.0134545455,0.9805454545,0.9810909091
1.0174545455,0.8914545455,0.9070909091,1.1361818182,1.2501818182,1.3393636364,1.4016363636,0.9923636364,0.8913636364,0.9250000000,1.0123636364,1.1579090909,1.3540909091,1.4169090909,1.2731818182,0.9184545455,0.9326363636,1.0232727273,1.1763636364,1.2920909091,1.3770000000,1.4431818182,1.0153636364,0.9823636364,0.9856363636
1.0234545455,0.8927272727,0.9085454545,1.1580909091,1.2821818182,1.3738181818,1.4401818182,1.0043636364,0.8917272727,0.9274545455,1.0244545455,1.1778181818,1.3897272727,1.4569090909,1.3055454545,0.9180909091,0.9350909091,1.0345454545,1.2010909091,1.3216363636,1.4129090909,1.4800000000,1.0175454545,0.9821818182,0.9889090909
1.0348181818,0.8807272727,0.9134545455,1.1820909091,1.3120000000,1.4101818182,1.4774545455,1.0164545455,0.8927272727,0.9332727273,1.0377272727,1.2010000000,1.4258181818,1.4940909091,1.3376363636,0.9187272727,0.9382727273,1.0476363636,1.2233636364,1.3511818182,1.4474545455,1.5166363636,1.0203636364,0.9847272727,0.9922727273
1.0460000000,0.8856363636,0.9184545455,1.2051818182,1.3409090909,1.4450909091,1.5128181818,1.0284545455,0.8929090909,0.9383636364,1.0502727273,1.2256363636,1.4601818182,1.5303636364,1.3680909091,0.9199090909,0.9417272727,1.0595454545,1.2466363636,1.3810909091,1.4800909091,1.5523636364,1.0223636364,0.9850909091,0.9960000000
1.0564545455,0.8955454545,0.9204545455,1.2301818182,1.3704545455,1.4793636364,1.5460909091,1.0399090909,0.8957272727,0.9419090909,1.0620000000,1.2493636364,1.4936363636,1.5627272727,1.3977272727,0.9214545455,0.9446363636,1.0724545455,1.2721818182,1.4104545455,1.5122727273,1.5870000000,1.0242727273,0.9851818182,0.9981818182
1.0645454545,0.8794545455,0.9236363636,1.2533636364,1.4000909091,1.5094545455,1.5784545455,1.0530909091,0.8963636364,0.9467272727,1.0766363636,1.2740000000,1.5246363636,1.5961818182,1.4272727273,0.9226363636,0.9479090909,1.0845454545,1.2951818182,1.4400000000,1.5441818182,1.6201818182,1.0255454545,0.9865454545,1.0013636364
1.0771818182,0.8868181818,0.9278181818,1.2772727273,1.4281818182,1.5390000000,1.6088181818,1.0642727273,0.8974545455,0.9518181818,1.0890000000,1.2971818182,1.5543636364,1.6290909091,1.4558181818,0.9228181818,0.9508181818,1.0980909091,1.3177272727,1.4671818182,1.5740909091,1.6500909091,1.0277272727,0.9881818182,1.0050909091
1.0880000000,0.8995454545,0.9301818182,1.2986363636,1.4555454545,1.5682727273,1.6402727273,1.0777272727,0.8996363636,0.9573636364,1.1020909091,1.3212727273,1.5834545455,1.6591818182,1.4840909091,0.9246363636,0.9554545455,1.1113636364,1.3407272727,1.4953636364,1.6029090909,1.6768181818,1.0282727273,0.9899090909,1.0110000000
1.0988181818,0.8984545455,0.9324545455,1.3201818182,1.4815454545,1.5957272727,1.6667272727,1.0894545455,0.8991818182,0.9628181818,1.1149090909,1.3423636364,1.6111818182,1.6867272727,1.5095454545,0.9252727273,0.9576363636,1.1228181818,1.3618181818,1.5200909091,1.6303636364,1.7043636364,1.0315454545,0.9910909091,1.0154545455
1.1105454545,0.8957272727,0.9364545455,1.3401818182,1.5047272727,1.6224545455,1.6930909091,1.1029090909,0.9008181818,0.9666363636,1.1280909091,1.3636363636,1.6362727273,1.7110909091,1.5340909091,0.9266363636,0.9606363636,1.1365454545,1.3833636364,1.5441818182,1.6554545455,1.7309090909,1.0325454545,0.9915454545,1.0196363636
1.1212727273,0.8961818182,0.9401818182,1.3624545455,1.5287272727,1.6466363636,1.7156363636,1.1148181818,0.9011818182,0.9719090909,1.1422727273,1.3836363636,1.6610000000,1.7351818182,1.5568181818,0.9275454545,0.9649090909,1.1484545455,1.4041818182,1.5670909091,1.6770909091,1.7556363636,1.0332727273,0.9929090909,1.0238181818
1.1271818182,0.9029090909,0.9437272727,1.3822727273,1.5507272727,1.6700000000,1.7382727273,1.1264545455,0.9026363636,0.9768181818,1.1534545455,1.4055454545,1.6838181818,1.7584545455,1.5797272727,0.9278181818,0.9679090909,1.1597272727,1.4259090909,1.5881818182,1.7000000000,1.7778181818,1.0354545455,0.9936363636,1.0268181818
1.1378181818,0.9015454545,0.9460000000,1.4019090909,1.5725454545,1.6907272727,1.7600000000,1.1376363636,0.9041818182,0.9809090909,1.1659090909,1.4260000000,1.7050909091,1.7796363636,1.6010909091,0.9307272727,0.9715454545,1.1730000000,1.4438181818,1.6100000000,1.7212727273,1.7990000000,1.0380909091,0.9944545455,1.0313636364
1.1461818182,0.8973636364,0.9501818182,1.4214545455,1.5927272727,1.7095454545,1.7803636364,1.1493636364,0.9051818182,0.9884545455,1.1781818182,1.4446363636,1.7239090909,1.8004545455,1.6227272727,0.9310909091,0.9751818182,1.1856363636,1.4641818182,1.6311818182,1.7417272727,1.8190000000,1.0388181818,0.9952727273,1.0350000000
1.1591818182,0.8973636364,0.9524545455,1.4399090909,1.6117272727,1.7298181818,1.7994545455,1.1600909091,0.9072727273,0.9922727273,1.1906363636,1.4617272727,1.7432727273,1.8191818182,1.6417272727,0.9320909091,0.9785454545,1.1980000000,1.4811818182,1.6493636364,1.7610000000,1.8373636364,1.0410000000,0.9962727273,1.0386363636
1.1697272727,0.9001818182,0.9562727273,1.4574545455,1.6310000000,1.7476363636,1.8179090909,1.1713636364,0.9084545455,0.9960909091,1.2031818182,1.4802727273,1.7620000000,1.8384545455,1.6597272727,0.9340000000,0.9814545455,1.2092727273,1.4994545455,1.6681818182,1.7789090909,1.8535454545,1.0426363636,0.9976363636,1.0424545455
1.1802727273,0.9013636364,0.9597272727,1.4749090909,1.6490909091,1.7661818182,1.8359090909,1.1841818182,0.9107272727,1.0035454545,1.2166363636,1.4974545455,1.7799090909,1.8549090909,1.6776363636,0.9347272727,0.9860909091,1.2215454545,1.5146363636,1.6844545455,1.7955454545,1.8700000000,1.0452727273,1.0004545455,1.0451818182
1.1906363636,0.9131818182,0.9631818182,1.4898181818,1.6635454545,1.7820000000,1.8506363636,1.1948181818,0.9114545455,1.0084545455,1.2273636364,1.5122727273,1.7954545455,1.8694545455,1.6932727273,0.9335454545,0.9909090909,1.2346363636,1.5305454545,1.7003636364,1.8096363636,1.8858181818,1.0482727273,1.0028181818,1.0499090909
1.2016363636,0.9129090909,0.9672727273,1.5067272727,1.6795454545,1.7972727273,1.8646363636,1.2069090909,0.9119090909,1.0142727273,1.2389090909,1.5280909091,1.8124545455,1.8847272727,1.7081818182,0.9349090909,0.9950000000,1.2457272727,1.5456363636,1.7157272727,1.8280000000,1.9004545455,1.0501818182,1.0036363636,1.0531818182
1.2111818182,0.9140000000,0.9708181818,1.5196363636,1.6937272727,1.8115454545,1.8788181818,1.2178181818,0.9139090909,1.0179090909,1.2509090909,1.5430000000,1.8275454545,1.8991818182,1.7223636364,0.9367272727,1.0000909091,1.2577272727,1.5610000000,1.7300909091,1.8410909091,1.9149090909,1.0530909091,1.0050909091,1.0561818182
1.2202727273,0.9170000000,0.9743636364,1.5338181818,1.7065454545,1.8256363636,1.8919090909,1.2278181818,0.9140000000,1.0227272727,1.2624545455,1.5564545455,1.8406363636,1.9138181818,1.7379090909,0.9375454545,1.0004545455,1.2689090909,1.5740909091,1.7427272727,1.8534545455,1.9281818182,1.0527272727,1.0060000000,1.0618181818
1.2284545455,0.9151818182,0.9763636364,1.5471818182,1.7207272727,1.8390909091,1.9049090909,1.2381818182,0.9145454545,1.0290909091,1.2723636364,1.5704545455,1.8519090909,1.9270000000,1.7513636364,0.9397272727,1.0055454545,1.2778181818,1.5875454545,1.7577272727,1.8652727273,1.9433636364,1.0547272727,1.0066363636,1.0660000000
1.2363636364,0.9166363636,0.9806363636,1.5601818182,1.7327272727,1.8501818182,1.9169090909,1.2470909091,0.9163636364,1.0346363636,1.2833636364,1.5828181818,1.8640909091,1.9389090909,1.7635454545,0.9400909091,1.0076363636,1.2868181818,1.6000909091,1.7699090909,1.8794545455,1.9544545455,1.0557272727,1.0066363636,1.0703636364
1.2473636364,0.9227272727,0.9838181818,1.5714545455,1.7449090909,1.8610000000,1.9293636364,1.2575454545,0.9174545455,1.0388181818,1.2924545455,1.5951818182,1.8757272727,1.9510909091,1.7750909091,0.9415454545,1.0121818182,1.2969090909,1.6110909091,1.7811818182,1.8906363636,1.9648181818,1.0580909091,1.0093636364,1.0730909091
1.2557272727,0.9178181818,0.9875454545,1.5834545455,1.7561818182,1.8704545455,1.9380000000,1.2678181818,0.9179090909,1.0436363636,1.3004545455,1.6069090909,1.8861818182,1.9614545455,1.7863636364,0.9415454545,1.0149090909,1.3060000000,1.6233636364,1.7925454545,1.9000000000,1.9751818182,1.0600909091,1.0100909091,1.0764545455
1.2626363636,0.9189090909,0.9908181818,1.5928181818,1.7646363636,1.8796363636,1.9479090909,1.2759090909,0.9180909091,1.0486363636,1.3093636364,1.6157272727,1.8951818182,1.9696363636,1.7950909091,0.9434545455,1.0194545455,1.3150000000,1.6322727273,1.8010909091,1.9091818182,1.9857272727,1.0615454545,1.0109090909,1.0798181818
1.2713636364,0.9219090909,0.9940000000,1.6013636364,1.7726363636,1.8871818182,1.9551818182,1.2831818182,0.9192727273,1.0530000000,1.3175454545,1.6246363636,1.9027272727,1.9766363636,1.8028181818,0.9450909091,1.0210000000,1.3222727273,1.6399090909,1.8093636364,1.9171818182,1.9911818182,1.0619090909,1.0121818182,1.0841818182
1.2770000000,0.9243636364,0.9970909091,1.6087272727,1.7795454545,1.8930000000,1.9606363636,1.2895454545,0.9210909091,1.0563636364,1.3242727273,1.6317272727,1.9083636364,1.9818181818,1.8091818182,0.9450000000,1.0250000000,1.3299090909,1.6490000000,1.8160000000,1.9242727273,1.9977272727,1.0649090909,1.0120909091,1.0856363636
1.2826363636,0.9210000000,0.9985454545,1.6135454545,1.7856363636,1.8971818182,1.9650000000,1.2947272727,0.9210000000,1.0618181818,1.3310000000,1.6377272727,1.9129090909,1.9855454545,1.8145454545,0.9461818182,1.0265454545,1.3371818182,1.6553636364,1.8215454545,1.9286363636,2.0029090909,1.0665454545,1.0129090909,1.0891818182
1.2881818182,0.9230000000,1.0010000000,1.6190909091,1.7886363636,1.8999090909,1.9665454545,1.2998181818,0.9214545455,1.0647272727,1.3370000000,1.6430909091,1.9164545455,1.9894545455,1.8189090909,0.9471818182,1.0299090909,1.3430909091,1.6588181818,1.8248181818,1.9319090909,2.0050909091,1.0666363636,1.0156363636,1.0923636364
1.2917272727,0.9229090909,1.0027272727,1.6227272727,1.7899090909,1.9020000000,1.9688181818,1.3045454545,0.9231818182,1.0672727273,1.3420909091,1.6467272727,1.9181818182,1.9908181818,1.8210000000,0.9475454545,1.0322727273,1.3475454545,1.6628181818,1.8281818182,1.9343636364,2.0068181818,1.0688181818,1.0162727273,1.0944545455
1.2955454545,0.9236363636,1.0046363636,1.6258181818,1.7917272727,1.9020000000,1.9698181818,1.3090000000,0.9236363636,1.0700000000,1.3457272727,1.6493636364,1.9198181818,1.9913636364,1.8220000000,0.9486363636,1.0343636364,1.3517272727,1.6643636364,1.8291818182,1.9350909091,2.0074545455,1.0697272727,1.0158181818,1.0964545455
1.2972727273,0.9244545455,1.0067272727,1.6275454545,1.7920000000,1.9030909091,1.9684545455,1.3120909091,0.9234545455,1.0735454545,1.3490909091,1.6511818182,1.9195454545,1.9916363636,1.8225454545,0.9503636364,1.0360909091,1.3546363636,1.6654545455,1.8301818182,1.9339090909,2.0068181818,1.0696363636,1.0176363636,1.0981818182
1.3000909091,0.9242727273,1.0089090909,1.6272727273,1.7924545455,1.9012727273,1.9681818182,1.3145454545,0.9246363636,1.0744545455,1.3520909091,1.6517272727,1.9186363636,1.9891818182,1.8216363636,0.9496363636,1.0374545455,1.3580909091,1.6658181818,1.8292727273,1.9340909091,2.0060909091,1.0707272727,1.0180000000,1.0990000000
1.3023636364,0.9255454545,1.0090000000,1.6275454545,1.7903636364,1.8990909091,1.9640000000,1.3160909091,0.9244545455,1.0773636364,1.3540909091,1.6512727273,1.9162727273,1.9874545455,1.8210909091,0.9514545455,1.0380909091,1.3595454545,1.6664545455,1.8277272727,1.9318181818,2.0042727273,1.0707272727,1.0188181818,1.0999090909
1.3043636364,0.9256363636,1.0100000000,1.6270000000,1.7882727273,1.8970909091,1.9629090909,1.3175454545,0.9245454545,1.0786363636,1.3550000000,1.6516363636,1.9140000000,1.9841818182,1.8195454545,0.9512727273,1.0406363636,1.3610909091,1.6657272727,1.8270909091,1.9291818182,2.0014545455,1.0728181818,1.0190909091,1.1021818182
1.3056363636,0.9262727273,1.0116363636,1.6254545455,1.7855454545,1.8941818182,1.9590000000,1.3185454545,0.9241818182,1.0797272727,1.3559090909,1.6494545455,1.9101818182,1.9817272727,1.8174545455,0.9520000000,1.0423636364,1.3624545455,1.6650909091,1.8232727273,1.9273636364,1.9985454545,1.0726363636,1.0201818182,1.1017272727
1.3055454545,0.9260909091,1.0116363636,1.6231818182,1.7815454545,1.8905454545,1.9544545455,1.3181818182,0.9259090909,1.0807272727,1.3559090909,1.6475454545,1.9076363636,1.9776363636,1.8133636364,0.9523636364,1.0430000000,1.3620909091,1.6637272727,1.8211818182,1.9238181818,1.9945454545,1.0745454545,1.0205454545,1.1032727273
1.3059090909,0.9277272727,1.0130909091,1.6200000000,1.7795454545,1.8862727273,1.9507272727,1.3184545455,0.9264545455,1.0813636364,1.3557272727,1.6452727273,1.9030000000,1.9739090909,1.8091818182,0.9519090909,1.0439090909,1.3615454545,1.6615454545,1.8183636364,1.9194545455,1.9906363636,1.0746363636,1.0206363636,1.1040000000
1.3063636364,0.9276363636,1.0131818182,1.6171818182,1.7763636364,1.8825454545,1.9450000000,1.3180909091,0.9256363636,1.0822727273,1.3560000000,1.6427272727,1.8992727273,1.9690909091,1.8069090909,0.9519090909,1.0433636364,1.3613636364,1.6595454545,1.8142727273,1.9160909091,1.9858181818,1.0750000000,1.0205454545,1.1035454545
1.3059090909,0.9280000000,1.0142727273,1.6142727273,1.7720000000,1.8771818182,1.9400000000,1.3172727273,0.9267272727,1.0819090909,1.3544545455,1.6391818182,1.8944545455,1.9641818182,1.8022727273,0.9518181818,1.0449090909,1.3609090909,1.6569090909,1.8099090909,1.9108181818,1.9810000000,1.0745454545,1.0213636364,1.1053636364
1.3049090909,0.9281818182,1.0138181818,1.6112727273,1.7670909091,1.8721818182,1.9351818182,1.3162727273,0.9267272727,1.0833636364,1.3539090909,1.6353636364,1.8890000000,1.9588181818,1.7970000000,0.9527272727,1.0458181818,1.3597272727,1.6532727273,1.8059090909,1.9060909091,1.9760000000,1.0749090909,1.0214545455,1.1056363636
1.3041818182,0.9271818182,1.0134545455,1.6078181818,1.7624545455,1.8670909091,1.9305454545,1.3150909091,0.9269090909,1.0822727273,1.3513636364,1.6330909091,1.8836363636,1.9531818182,1.7920000000,0.9527272727,1.0446363636,1.3587272727,1.6502727273,1.8010909091,1.9007272727,1.9704545455,1.0750909091,1.0213636364,1.1061818182
1.3030909091,0.9312727273,1.0140000000,1.6035454545,1.7571818182,1.8617272727,1.9240909091,1.3123636364,0.9262727273,1.0830000000,1.3499090909,1.6280909091,1.8797272727,1.9482727273,1.7879090909,0.9527272727,1.0447272727,1.3572727273,1.6471818182,1.7968181818,1.8957272727,1.9658181818,1.0753636364,1.0219090909,1.1060000000
1.3010909091,0.9300000000,1.0140909091,1.5997272727,1.7518181818,1.8561818182,1.9185454545,1.3108181818,0.9273636364,1.0821818182,1.3482727273,1.6248181818,1.8738181818,1.9432727273,1.7830000000,0.9524545455,1.0454545455,1.3549090909,1.6423636364,1.7915454545,1.8906363636,1.9599090909,1.0763636364,1.0218181818,1.1052727273
1.2989090909,0.9275454545,1.0139090909,1.5955454545,1.7466363636,1.8514545455,1.9122727273,1.3092727273,0.9269090909,1.0818181818,1.3465454545,1.6204545455,1.8681818182,1.9369090909,1.7763636364,0.9524545455,1.0450909091,1.3528181818,1.6380909091,1.7867272727,1.8857272727,1.9548181818,1.0762727273,1.0213636364,1.1049090909
1.2976363636,0.9276363636,1.0141818182,1.5906363636,1.7413636364,1.8473636364,1.9070000000,1.3067272727,0.9255454545,1.0815454545,1.3430000000,1.6157272727,1.8628181818,1.9312727273,1.7726363636,0.9526363636,1.0444545455,1.3511818182,1.6341818182,1.7824545455,1.8803636364,1.9493636364,1.0755454545,1.0218181818,1.1048181818
1.2962727273,0.9270909091,1.0131818182,1.5856363636,1.7361818182,1.8417272727,1.9012727273,1.3037272727,0.9262727273,1.0807272727,1.3413636364,1.6112727273,1.8571818182,1.9250909091,1.7675454545,0.9527272727,1.0436363636,1.3482727273,1.6298181818,1.7769090909,1.8740909091,1.9431818182,1.0764545455,1.0220909091,1.1041818182
1.2932727273,0.9272727273,1.0130000000,1.5811818182,1.7303636364,1.8348181818,1.8955454545,1.3019090909,0.9260909091,1.0797272727,1.3377272727,1.6064545455,1.8532727273,1.9185454545,1.7622727273,0.9528181818,1.0427272727,1.3464545455,1.6239090909,1.7710000000,1.8690000000,1.9369090909,1.0756363636,1.0214545455,1.1044545455
1.2922727273,0.9267272727,1.0122727273,1.5765454545,1.7260909091,1.8300909091,1.8884545455,1.2991818182,0.9260000000,1.0780000000,1.3355454545,1.6011818182,1.8475454545,1.9129090909,1.7566363636,0.9527272727,1.0425454545,1.3440909091,1.6197272727,1.7657272727,1.8627272727,1.9305454545,1.0756363636,1.0201818182,1.1044545455
1.2900000000,0.9272727273,1.0115454545,1.5721818182,1.7207272727,1.8241818182,1.8818181818,1.2957272727,0.9253636364,1.0788181818,1.3334545455,1.5972727273,1.8420000000,1.9075454545,1.7502727273,0.9529090909,1.0430000000,1.3416363636,1.6162727273,1.7611818182,1.8578181818,1.9248181818,1.0748181818,1.0220909091,1.1040909091
1.2886363636,0.9270909091,1.0107272727,1.5666363636,1.7144545455,1.8178181818,1.8757272727,1.2934545455,0.9260909091,1.0774545455,1.3303636364,1.5926363636,1.8363636364,1.9012727273,1.7451818182,0.9518181818,1.0429090909,1.3381818182,1.6107272727,1.7555454545,1.8517272727,1.9192727273,1.0758181818,1.0208181818,1.1032727273
1.2872727273,0.9269090909,1.0098181818,1.5624545455,1.7088181818,1.8121818182,1.8704545455,1.2914545455,0.9250000000,1.0760909091,1.3272727273,1.5875454545,1.8312727273,1.8942727273,1.7400000000,0.9514545455,1.0400000000,1.3354545455,1.6057272727,1.7502727273,1.8466363636,1.9129090909,1.0755454545,1.0210909091,1.1025454545
1.2851818182,0.9270909091,1.0095454545,1.5577272727,1.7036363636,1.8054545455,1.8646363636,1.2889090909,0.9258181818,1.0756363636,1.3230909091,1.5826363636,1.8242727273,1.8883636364,1.7335454545,0.9518181818,1.0410909091,1.3322727273,1.6011818182,1.7446363636,1.8419090909,1.9068181818,1.0757272727,1.0220000000,1.1026363636
1.2822727273,0.9256363636,1.0080909091,1.5529090909,1.6972727273,1.8000909091,1.8569090909,1.2865454545,0.9253636364,1.0740000000,1.3202727273,1.5779090909,1.8185454545,1.8823636364,1.7283636364,0.9513636364,1.0397272727,1.3291818182,1.5970000000,1.7395454545,1.8360909091,1.9006363636,1.0749090909,1.0225454545,1.1015454545
1.2788181818,0.9253636364,1.0069090909,1.5473636364,1.6913636364,1.7941818182,1.8517272727,1.2843636364,0.9250909091,1.0726363636,1.3163636364,1.5737272727,1.8126363636,1.8767272727,1.7230909091,0.9510909091,1.0395454545,1.3269090909,1.5915454545,1.7337272727,1.8309090909,1.8952727273,1.0749090909,1.0211818182,1.1012727273
1.2770000000,0.9250909091,1.0065454545,1.5420000000,1.6866363636,1.7876363636,1.8466363636,1.2814545455,0.9257272727,1.0703636364,1.3133636364,1.5680909091,1.8068181818,1.8703636364,1.7174545455,0.9509090909,1.0381818182,1.3227272727,1.5864545455,1.7283636364,1.8250909091,1.8890909091,1.0755454545,1.0225454545,1.0995454545
1.2741818182,0.9262727273,1.0060909091,1.5377272727,1.6805454545,1.7810000000,1.8412727273,1.2780909091,0.9246363636,1.0690000000,1.3108181818,1.5630000000,1.8006363636,1.8634545455,1.7116363636,0.9502727273,1.0379090909,1.3200000000,1.5822727273,1.7225454545,1.8185454545,1.8834545455,1.0752727273,1.0211818182,1.0990909091
1.2714545455,0.9248181818,1.0051818182,1.5325454545,1.6757272727,1.7753636364,1.8346363636,1.2752727273,0.9253636364,1.0685454545,1.3076363636,1.5577272727,1.7950909091,1.8584545455,1.7060909091,0.9502727273,1.0370909091,1.3170000000,1.5777272727,1.7170000000,1.8129090909,1.8768181818,1.0738181818,1.0208181818,1.0986363636
1.2690909091,0.9245454545,1.0036363636,1.5275454545,1.6693636364,1.7696363636,1.8288181818,1.2715454545,0.9236363636,1.0676363636,1.3038181818,1.5530000000,1.7881818182,1.8523636364,1.7000909091,0.9506363636,1.0366363636,1.3135454545,1.5719090909,1.7109090909,1.8070000000,1.8715454545,1.0743636364,1.0210000000,1.0975454545
1.2660000000,0.9239090909,1.0036363636,1.5231818182,1.6645454545,1.7630000000,1.8226363636,1.2688181818,0.9243636364,1.0651818182,1.3007272727,1.5481818182,1.7824545455,1.8474545455,1.6954545455,0.9498181818,1.0350000000,1.3100000000,1.5677272727,1.7060909091,1.8013636364,1.8655454545,1.0738181818,1.0216363636,1.0968181818
1.2630909091,0.9230909091,1.0023636364,1.5173636364,1.6603636364,1.7574545455,1.8170909091,1.2652727273,0.9234545455,1.0639090909,1.2975454545,1.5427272727,1.7771818182,1.8422727273,1.6890909091,0.9501818182,1.0345454545,1.3073636364,1.5623636364,1.7012727273,1.7957272727,1.8593636364,1.0732727273,1.0221818182,1.0954545455
1.2597272727,0.9233636364,1.0003636364,1.5126363636,1.6555454545,1.7511818182,1.8099090909,1.2614545455,0.9230000000,1.0627272727,1.2938181818,1.5379090909,1.7710909091,1.8362727273,1.6841818182,0.9494545455,1.0338181818,1.3039090909,1.5578181818,1.6948181818,1.7901818182,1.8532727273,1.0748181818,1.0213636364,1.0938181818
1.2574545455,0.9235454545,1.0000000000,1.5078181818,1.6493636364,1.7447272727,1.8040909091,1.2579090909,0.9238181818,1.0616363636,1.2908181818,1.5324545455,1.7660909091,1.8301818182,1.6783636364,0.9493636364,1.0325454545,1.3003636364,1.5530000000,1.6893636364,1.7840909091,1.8483636364,1.0730909091,1.0212727273,1.0936363636
1.2548181818,0.9231818182,0.9985454545,1.5024545455,1.6435454545,1.7390909091,1.7985454545,1.2555454545,0.9233636364,1.0597272727,1.2892727273,1.5275454545,1.7582727273,1.8240000000,1.6723636364,0.9490909091,1.0310909091,1.2966363636,1.5483636364,1.6841818182,1.7775454545,1.8437272727,1.0735454545,1.0212727273,1.0930909091
1.2520000000,0.9229090909,0.9974545455,1.4982727273,1.6390000000,1.7334545455,1.7918181818,1.2517272727,0.9231818182,1.0577272727,1.2850000000,1.5230000000,1.7537272727,1.8175454545,1.6663636364,0.9483636364,1.0300909091,1.2940000000,1.5429090909,1.6788181818,1.7723636364,1.8370909091,1.0731818182,1.0203636364,1.0923636364
1.2490909091,0.9229090909,0.9967272727,1.4922727273,1.6327272727,1.7279090909,1.7854545455,1.2483636364,0.9232727273,1.0564545455,1.2825454545,1.5170909091,1.7480000000,1.8120000000,1.6624545455,0.9477272727,1.0297272727,1.2912727273,1.5388181818,1.6742727273,1.7658181818,1.8315454545,1.0720000000,1.0208181818,1.0921818182
1.2457272727,0.9218181818,0.9962727273,1.4880000000,1.6273636364,1.7212727273,1.7792727273,1.2448181818,0.9217272727,1.0549090909,1.2797272727,1.5133636364,1.7413636364,1.8054545455,1.6584545455,0.9473636364,1.0283636364,1.2884545455,1.5332727273,1.6685454545,1.7609090909,1.8253636364,1.0719090909,1.0203636364,1.0895454545
1.2431818182,0.9209090909,0.9946363636,1.4830909091,1.6210000000,1.7147272727,1.7732727273,1.2413636364,0.9220909091,1.0524545455,1.2760909091,1.5071818182,1.7356363636,1.7981818182,1.6529090909,0.9475454545,1.0262727273,1.2862727273,1.5281818182,1.6636363636,1.7552727273,1.8202727273,1.0720909091,1.0202727273,1.0890909091
1.2401818182,0.9218181818,0.9933636364,1.4787272727,1.6152727273,1.7093636364,1.7670909091,1.2388181818,0.9218181818,1.0516363636,1.2725454545,1.5033636364,1.7293636364,1.7940000000,1.6481818182,0.9469090909,1.0250000000,1.2834545455,1.5245454545,1.6590909091,1.7494545455,1.8135454545,1.0717272727,1.0202727273,1.0876363636
1.2372727273,0.9210909091,0.9923636364,1.4745454545,1.6104545455,1.7037272727,1.7616363636,1.2357272727,0.9215454545,1.0499090909,1.2695454545,1.4986363636,1.7235454545,1.7875454545,1.6415454545,0.9470000000,1.0246363636,1.2800909091,1.5187272727,1.6533636364,1.7430909091,1.8064545455,1.0714545455,1.0201818182,1.0867272727
1.2350000000,0.9204545455,0.9912727273,1.4700000000,1.6059090909,1.6981818182,1.7549090909,1.2320000000,0.9206363636,1.0479090909,1.2660909091,1.4930000000,1.7182727273,1.7812727273,1.6362727273,0.9469090909,1.0231818182,1.2767272727,1.5141818182,1.6487272727,1.7377272727,1.8016363636,1.0723636364,1.0183636364,1.0863636364
1.2314545455,0.9204545455,0.9907272727,1.4651818182,1.6002727273,1.6918181818,1.7494545455,1.2290909091,0.9206363636,1.0473636364,1.2623636364,1.4880000000,1.7125454545,1.7765454545,1.6304545455,0.9459090909,1.0223636364,1.2725454545,1.5091818182,1.6441818182,1.7320000000,1.7950909091,1.0711818182,1.0193636364,1.0858181818
1.2285454545,0.9200000000,0.9894545455,1.4614545455,1.5949090909,1.6866363636,1.7427272727,1.2260000000,0.9202727273,1.0463636364,1.2585454545,1.4838181818,1.7062727273,1.7700000000,1.6260000000,0.9456363636,1.0212727273,1.2692727273,1.5039090909,1.6378181818,1.7264545455,1.7898181818,1.0714545455,1.0195454545,1.0840909091
1.2258181818,0.9201818182,0.9880000000,1.4558181818,1.5882727273,1.6806363636,1.7370909091,1.2212727273,0.9199090909,1.0448181818,1.2565454545,1.4798181818,1.7009090909,1.7632727273,1.6208181818,0.9450000000,1.0202727273,1.2666363636,1.4997272727,1.6328181818,1.7210000000,1.7840000000,1.0710000000,1.0184545455,1.0838181818
1.2222727273,0.9188181818,0.9868181818,1.4511818182,1.5833636364,1.6749090909,1.7309090909,1.2179090909,0.9195454545,1.0423636364,1.2526363636,1.4759090909,1.6945454545,1.7572727273,1.6147272727,0.9446363636,1.0181818182,1.2630000000,1.4951818182,1.6279090909,1.7140909091,1.7776363636,1.0705454545,1.0191818182,1.0827272727
1.2206363636,0.9184545455,0.9864545455,1.4475454545,1.5774545455,1.6689090909,1.7256363636,1.2161818182,0.9196363636,1.0408181818,1.2486363636,1.4716363636,1.6893636364,1.7522727273,1.6096363636,0.9443636364,1.0170000000,1.2597272727,1.4897272727,1.6229090909,1.7094545455,1.7718181818,1.0690909091,1.0184545455,1.0802727273
1.2179090909,0.9187272727,0.9849090909,1.4419090909,1.5722727273,1.6639090909,1.7192727273,1.2125454545,0.9194545455,1.0390909091,1.2460909091,1.4673636364,1.6836363636,1.7458181818,1.6034545455,0.9449090909,1.0164545455,1.2568181818,1.4860000000,1.6172727273,1.7037272727,1.7665454545,1.0692727273,1.0180909091,1.0793636364
1.2143636364,0.9177272727,0.9842727273,1.4366363636,1.5668181818,1.6595454545,1.7134545455,1.2085454545,0.9181818182,1.0375454545,1.2431818182,1.4626363636,1.6778181818,1.7400000000,1.5980000000,0.9440000000,1.0149090909,1.2533636364,1.4817272727,1.6116363636,1.6988181818,1.7602727273,1.0683636364,1.0187272727,1.0786363636
1.2114545455,0.9180000000,0.9830909091,1.4319090909,1.5616363636,1.6541818182,1.7074545455,1.2067272727,0.9184545455,1.0360000000,1.2396363636,1.4573636364,1.6718181818,1.7343636364,1.5930909091,0.9437272727,1.0131818182,1.2499090909,1.4768181818,1.6065454545,1.6923636364,1.7540000000,1.0686363636,1.0177272727,1.0771818182
1.2087272727,0.9184545455,0.9816363636,1.4275454545,1.5563636364,1.6485454545,1.7021818182,1.2035454545,0.9180000000,1.0347272727,1.2354545455,1.4527272727,1.6678181818,1.7285454545,1.5880000000,0.9434545455,1.0136363636,1.2469090909,1.4729090909,1.6019090909,1.6879090909,1.7492727273,1.0690909091,1.0162727273,1.0768181818
1.2060000000,0.9173636364,0.9810909091,1.4233636364,1.5517272727,1.6431818182,1.6957272727,1.1999090909,0.9175454545,1.0327272727,1.2323636364,1.4482727273,1.6629090909,1.7220909091,1.5829090909,0.9429090909,1.0127272727,1.2438181818,1.4694545455,1.5962727273,1.6816363636,1.7430000000,1.0682727273,1.0168181818,1.0745454545
1.2029090909,0.9171818182,0.9791818182,1.4182727273,1.5460000000,1.6373636364,1.6899090909,1.1963636364,0.9175454545,1.0300909091,1.2287272727,1.4431818182,1.6579090909,1.7164545455,1.5764545455,0.9429090909,1.0111818182,1.2404545455,1.4649090909,1.5919090909,1.6754545455,1.7378181818,1.0672727273,1.0164545455,1.0732727273
1.2008181818,0.9172727273,0.9784545455,1.4133636364,1.5404545455,1.6326363636,1.6830000000,1.1932727273,0.9175454545,1.0300909091,1.2266363636,1.4379090909,1.6526363636,1.7106363636,1.5711818182,0.9419090909,1.0102727273,1.2368181818,1.4599090909,1.5875454545,1.6706363636,1.7319090909,1.0674545455,1.0172727273,1.0726363636
1.1976363636,0.9166363636,0.9780000000,1.4093636364,1.5346363636,1.6270000000,1.6777272727,1.1904545455,0.9171818182,1.0280000000,1.2228181818,1.4341818182,1.6470909091,1.7048181818,1.5660909091,0.9417272727,1.0088181818,1.2340000000,1.4559090909,1.5806363636,1.6662727273,1.7265454545,1.0673636364,1.0170909091,1.0724545455
1.1955454545,0.9160909091,0.9760000000,1.4052727273,1.5304545455,1.6210000000,1.6726363636,1.1871818182,0.9173636364,1.0267272727,1.2198181818,1.4303636364,1.6410909091,1.6990909091,1.5618181818,0.9415454545,1.0076363636,1.2310000000,1.4508181818,1.5767272727,1.6610000000,1.7205454545,1.0663636364,1.0173636364,1.0714545455
1.1922727273,0.9156363636,0.9753636364,1.3999090909,1.5255454545,1.6159090909,1.6664545455,1.1844545455,0.9162727273,1.0243636364,1.2166363636,1.4252727273,1.6361818182,1.6927272727,1.5561818182,0.9406363636,1.0062727273,1.2280000000,1.4477272727,1.5706363636,1.6570909091,1.7139090909,1.0668181818,1.0169090909,1.0707272727
1.1895454545,0.9160909091,0.9743636364,1.3958181818,1.5201818182,1.6105454545,1.6624545455,1.1815454545,0.9162727273,1.0236363636,1.2133636364,1.4209090909,1.6300909091,1.6883636364,1.5504545455,0.9407272727,1.0051818182,1.2249090909,1.4418181818,1.5660000000,1.6517272727,1.7092727273,1.0672727273,1.0166363636,1.0684545455
1.1863636364,0.9152727273,0.9735454545,1.3917272727,1.5150000000,1.6044545455,1.6575454545,1.1779090909,0.9156363636,1.0224545455,1.2100000000,1.4164545455,1.6253636364,1.6828181818,1.5456363636,0.9405454545,1.0046363636,1.2220000000,1.4390000000,1.5609090909,1.6460909091,1.7035454545,1.0654545455,1.0169090909,1.0672727273
1.1833636364,0.9161818182,0.9723636364,1.3877272727,1.5095454545,1.5994545455,1.6526363636,1.1746363636,0.9152727273,1.0210000000,1.2069090909,1.4124545455,1.6201818182,1.6769090909,1.5411818182,0.9400000000,1.0037272727,1.2196363636,1.4336363636,1.5561818182,1.6403636364,1.6991818182,1.0660909091,1.0167272727,1.0667272727
1.1811818182,0.9146363636,0.9708181818,1.3824545455,1.5050000000,1.5945454545,1.6467272727,1.1713636364,0.9145454545,1.0195454545,1.2046363636,1.4070000000,1.6144545455,1.6700909091,1.5365454545,0.9392727273,1.0026363636,1.2156363636,1.4287272727,1.5510000000,1.6357272727,1.6931818182,1.0662727273,1.0163636364,1.0656363636
1.1781818182,0.9141818182,0.9701818182,1.3778181818,1.4995454545,1.5882727273,1.6415454545,1.1696363636,0.9152727273,1.0170000000,1.2011818182,1.4030909091,1.6081818182,1.6663636364,1.5310909091,0.9387272727,1.0010909091,1.2126363636,1.4243636364,1.5455454545,1.6299090909,1.6871818182,1.0651818182,1.0160909091,1.0649090909
1.1758181818,0.9133636364,0.9690000000,1.3736363636,1.4940909091,1.5829090909,1.6360909091,1.1657272727,0.9146363636,1.0159090909,1.1974545455,1.3988181818,1.6040000000,1.6628181818,1.5253636364,0.9393636364,1.0004545455,1.2100000000,1.4203636364,1.5412727273,1.6259090909,1.6814545455,1.0651818182,1.0161818182,1.0641818182
1.1736363636,0.9126363636,0.9684545455,1.3690909091,1.4894545455,1.5772727273,1.6300000000,1.1622727273,0.9143636364,1.0144545455,1.1950909091,1.3939090909,1.5984545455,1.6571818182,1.5203636364,0.9385454545,0.9988181818,1.2070000000,1.4156363636,1.5359090909,1.6189090909,1.6763636364,1.0656363636,1.0160909091,1.0621818182
1.1713636364,0.9133636364,0.9668181818,1.3650000000,1.4843636364,1.5720000000,1.6247272727,1.1606363636,0.9147272727,1.0135454545,1.1918181818,1.3902727273,1.5928181818,1.6519090909,1.5155454545,0.9386363636,0.9980000000,1.2040909091,1.4115454545,1.5303636364,1.6140909091,1.6712727273,1.0647272727,1.0167272727,1.0620909091
1.1687272727,0.9131818182,0.9659090909,1.3605454545,1.4802727273,1.5661818182,1.6197272727,1.1574545455,0.9140000000,1.0114545455,1.1888181818,1.3855454545,1.5870909091,1.6466363636,1.5107272727,0.9385454545,0.9971818182,1.2005454545,1.4071818182,1.5259090909,1.6092727273,1.6660909091,1.0647272727,1.0159090909,1.0603636364
1.1655454545,0.9127272727,0.9650909091,1.3565454545,1.4755454545,1.5610000000,1.6141818182,1.1548181818,0.9137272727,1.0100000000,1.1850000000,1.3807272727,1.5829090909,1.6406363636,1.5055454545,0.9377272727,0.9962727273,1.1978181818,1.4027272727,1.5212727273,1.6045454545,1.6616363636,1.0640909091,1.0156363636,1.0600909091
1.1632727273,0.9120000000,0.9640909091,1.3511818182,1.4719090909,1.5557272727,1.6084545455,1.1517272727,0.9131818182,1.0090000000,1.1826363636,1.3768181818,1.5770000000,1.6352727273,1.5010909091,0.9379090909,0.9950000000,1.1950909091,1.3987272727,1.5161818182,1.5993636364,1.6575454545,1.0650909091,1.0157272727,1.0590000000
1.1610000000,0.9121818182,0.9628181818,1.3478181818,1.4670000000,1.5507272727,1.6027272727,1.1492727273,0.9134545455,1.0074545455,1.1800909091,1.3719090909,1.5712727273,1.6299090909,1.4956363636,0.9359090909,0.9935454545,1.1910909091,1.3946363636,1.5119090909,1.5938181818,1.6526363636,1.0633636364,1.0156363636,1.0584545455
1.1577272727,0.9123636364,0.9623636364,1.3438181818,1.4628181818,1.5456363636,1.5981818182,1.1461818182,0.9129090909,1.0058181818,1.1773636364,1.3680000000,1.5664545455,1.6250909091,1.4907272727,0.9360909091,0.9927272727,1.1887272727,1.3902727273,1.5072727273,1.5883636364,1.6467272727,1.0630000000,1.0157272727,1.0572727273
1.1560909091,0.9117272727,0.9606363636,1.3387272727,1.4577272727,1.5409090909,1.5926363636,1.1430909091,0.9127272727,1.0048181818,1.1740000000,1.3652727273,1.5612727273,1.6192727273,1.4860000000,0.9361818182,0.9921818182,1.1860000000,1.3859090909,1.5020000000,1.5832727273,1.6411818182,1.0625454545,1.0147272727,1.0560000000
1.1537272727,0.9110909091,0.9601818182,1.3349090909,1.4528181818,1.5351818182,1.5872727273,1.1412727273,0.9120000000,1.0040909091,1.1706363636,1.3601818182,1.5563636364,1.6138181818,1.4812727273,0.9356363636,0.9916363636,1.1840909091,1.3826363636,1.4977272727,1.5787272727,1.6364545455,1.0638181818,1.0141818182,1.0550909091
1.1505454545,0.9131818182,0.9589090909,1.3309090909,1.4473636364,1.5300909091,1.5821818182,1.1380909091,0.9126363636,1.0030000000,1.1682727273,1.3557272727,1.5515454545,1.6084545455,1.4775454545,0.9353636364,0.9905454545,1.1815454545,1.3779090909,1.4931818182,1.5728181818,1.6311818182,1.0619090909,1.0148181818,1.0540000000
1.1484545455,0.9104545455,0.9583636364,1.3279090909,1.4435454545,1.5250000000,1.5770909091,1.1358181818,0.9115454545,1.0013636364,1.1650909091,1.3511818182,1.5462727273,1.6034545455,1.4725454545,0.9350000000,0.9892727273,1.1788181818,1.3744545455,1.4876363636,1.5698181818,1.6252727273,1.0628181818,1.0143636364,1.0539090909
1.1463636364,0.9110000000,0.9578181818,1.3238181818,1.4389090909,1.5213636364,1.5713636364,1.1330000000,0.9114545455,0.9989090909,1.1623636364,1.3474545455,1.5416363636,1.5979090909,1.4695454545,0.9349090909,0.9868181818,1.1761818182,1.3698181818,1.4844545455,1.5640909091,1.6210000000,1.0620909091,1.0143636364,1.0520000000
1.1440000000,0.9097272727,0.9569090909,1.3200909091,1.4340000000,1.5156363636,1.5658181818,1.1302727273,0.9114545455,0.9981818182,1.1592727273,1.3441818182,1.5368181818,1.5932727273,1.4654545455,0.9344545455,0.9872727273,1.1737272727,1.3660909091,1.4805454545,1.5590909091,1.6158181818,1.0620909091,1.0147272727,1.0516363636
1.1408181818,0.9104545455,0.9548181818,1.3147272727,1.4295454545,1.5105454545,1.5610909091,1.1273636364,0.9110909091,0.9963636364,1.1560909091,1.3400909091,1.5320000000,1.5873636364,1.4605454545,0.9341818182,0.9846363636,1.1709090909,1.3629090909,1.4760000000,1.5532727273,1.6105454545,1.0625454545,1.0137272727,1.0509090909
1.1385454545,0.9100909091,0.9549090909,1.3117272727,1.4251818182,1.5054545455,1.5562727273,1.1248181818,0.9105454545,0.9953636364,1.1543636364,1.3359090909,1.5274545455,1.5827272727,1.4547272727,0.9340909091,0.9847272727,1.1677272727,1.3583636364,1.4715454545,1.5492727273,1.6053636364,1.0617272727,1.0140909091,1.0496363636
1.1366363636,0.9098181818,0.9532727273,1.3077272727,1.4204545455,1.5006363636,1.5499090909,1.1230000000,0.9101818182,0.9934545455,1.1517272727,1.3320000000,1.5216363636,1.5771818182,1.4495454545,0.9330000000,0.9840000000,1.1647272727,1.3538181818,1.4679090909,1.5442727273,1.5999090909,1.0611818182,1.0139090909,1.0482727273
1.1343636364,0.9091818182,0.9524545455,1.3032727273,1.4160000000,1.4948181818,1.5459090909,1.1189090909,0.9099090909,0.9926363636,1.1484545455,1.3280909091,1.5164545455,1.5729090909,1.4462727273,0.9338181818,0.9829090909,1.1620000000,1.3504545455,1.4640909091,1.5390909091,1.5949090909,1.0615454545,1.0140909091,1.0482727273
1.1323636364,0.9087272727,0.9518181818,1.2994545455,1.4117272727,1.4903636364,1.5402727273,1.1170909091,0.9092727273,0.9913636364,1.1461818182,1.3237272727,1.5118181818,1.5675454545,1.4426363636,0.9330000000,0.9818181818,1.1600909091,1.3457272727,1.4591818182,1.5352727273,1.5899090909,1.0614545455,1.0133636364,1.0468181818
1.1301818182,0.9087272727,0.9512727273,1.2957272727,1.4060909091,1.4853636364,1.5355454545,1.1142727273,0.9101818182,0.9903636364,1.1438181818,1.3200000000,1.5066363636,1.5623636364,1.4375454545,0.9332727273,0.9813636364,1.1569090909,1.3429090909,1.4547272727,1.5300000000,1.5850909091,1.0617272727,1.0131818182,1.0461818182
1.1280909091,0.9075454545,0.9508181818,1.2921818182,1.4029090909,1.4801818182,1.5303636364,1.1113636364,0.9090000000,0.9892727273,1.1407272727,1.3153636364,1.5029090909,1.5571818182,1.4334545455,0.9326363636,0.9805454545,1.1545454545,1.3393636364,1.4499090909,1.5252727273,1.5807272727,1.0603636364,1.0132727273,1.0442727273
1.1257272727,0.9085454545,0.9497272727,1.2892727273,1.3984545455,1.4765454545,1.5262727273,1.1100000000,0.9086363636,0.9876363636,1.1380000000,1.3124545455,1.4970909091,1.5518181818,1.4277272727,0.9324545455,0.9792727273,1.1517272727,1.3350000000,1.4453636364,1.5201818182,1.5750000000,1.0609090909,1.0139090909,1.0439090909
1.1234545455,0.9078181818,0.9484545455,1.2868181818,1.3937272727,1.4731818182,1.5208181818,1.1073636364,0.9088181818,0.9869090909,1.1360909091,1.3088181818,1.4926363636,1.5473636364,1.4243636364,0.9318181818,0.9794545455,1.1494545455,1.3308181818,1.4405454545,1.5162727273,1.5710909091,1.0600909091,1.0121818182,1.0435454545
1.1216363636,0.9072727273,0.9484545455,1.2830909091,1.3900000000,1.4687272727,1.5160000000,1.1053636364,0.9087272727,0.9860909091,1.1332727273,1.3043636364,1.4882727273,1.5422727273,1.4196363636,0.9320000000,0.9787272727,1.1474545455,1.3271818182,1.4368181818,1.5111818182,1.5661818182,1.0600909091,1.0117272727,1.0430909091
1.1189090909,0.9073636364,0.9473636364,1.2785454545,1.3850909091,1.4641818182,1.5104545455,1.1044545455,0.9084545455,0.9848181818,1.1300909091,1.3011818182,1.4837272727,1.5373636364,1.4155454545,0.9324545455,0.9767272727,1.1446363636,1.3233636364,1.4324545455,1.5062727273,1.5613636364,1.0602727273,1.0130000000,1.0420909091
1.1162727273,0.9071818182,0.9467272727,1.2750000000,1.3801818182,1.4604545455,1.5062727273,1.1023636364,0.9079090909,0.9840000000,1.1277272727,1.2970909091,1.4792727273,1.5330000000,1.4114545455,0.9315454545,0.9758181818,1.1416363636,1.3206363636,1.4280909091,1.5014545455,1.5562727273,1.0590000000,1.0124545455,1.0420000000
1.1159090909,0.9066363636,0.9452727273,1.2713636364,1.3765454545,1.4550909091,1.5009090909,1.0991818182,0.9075454545,0.9822727273,1.1255454545,1.2939090909,1.4740000000,1.5274545455,1.4065454545,0.9300000000,0.9762727273,1.1382727273,1.3167272727,1.4243636364,1.4973636364,1.5515454545,1.0599090909,1.0127272727,1.0406363636
1.1130000000,0.9069090909,0.9445454545,1.2683636364,1.3715454545,1.4501818182,1.4967272727,1.0978181818,0.9068181818,0.9810000000,1.1239090909,1.2908181818,1.4712727273,1.5230909091,1.4023636364,0.9307272727,0.9747272727,1.1357272727,1.3126363636,1.4208181818,1.4930000000,1.5466363636,1.0598181818,1.0126363636,1.0402727273
1.1119090909,0.9061818182,0.9442727273,1.2647272727,1.3675454545,1.4462727273,1.4912727273,1.0951818182,0.9067272727,0.9790909091,1.1204545455,1.2877272727,1.4670000000,1.5176363636,1.3977272727,0.9299090909,0.9739090909,1.1344545455,1.3094545455,1.4160909091,1.4876363636,1.5420909091,1.0590000000,1.0123636364,1.0391818182
1.1091818182,0.9052727273,0.9429090909,1.2615454545,1.3638181818,1.4410909091,1.4863636364,1.0935454545,0.9063636364,0.9799090909,1.1182727273,1.2850909091,1.4625454545,1.5134545455,1.3940909091,0.9300909091,0.9729090909,1.1317272727,1.3058181818,1.4120000000,1.4836363636,1.5373636364,1.0593636364,1.0125454545,1.0392727273
1.1068181818,0.9056363636,0.9422727273,1.2577272727,1.3603636364,1.4370909091,1.4819090909,1.0903636364,0.9060909091,0.9773636364,1.1156363636,1.2820909091,1.4580000000,1.5082727273,1.3895454545,0.9295454545,0.9720909091,1.1288181818,1.3012727273,1.4083636364,1.4802727273,1.5327272727,1.0585454545,1.0120000000,1.0382727273
1.1061818182,0.9050909091,0.9416363636,1.2541818182,1.3558181818,1.4315454545,1.4777272727,1.0879090909,0.9063636364,0.9767272727,1.1138181818,1.2778181818,1.4533636364,1.5026363636,1.3857272727,0.9301818182,0.9720000000,1.1274545455,1.2982727273,1.4041818182,1.4759090909,1.5277272727,1.0592727273,1.0121818182,1.0373636364
1.1040909091,0.9043636364,0.9411818182,1.2510909091,1.3518181818,1.4280000000,1.4735454545,1.0853636364,0.9059090909,0.9756363636,1.1116363636,1.2754545455,1.4491818182,1.4986363636,1.3819090909,0.9290000000,0.9708181818,1.1251818182,1.2946363636,1.4000000000,1.4718181818,1.5230000000,1.0584545455,1.0123636364,1.0367272727
1.1023636364,0.9047272727,0.9412727273,1.2472727273,1.3478181818,1.4237272727,1.4704545455,1.0840909091,0.9060909091,0.9740909091,1.1094545455,1.2710909091,1.4448181818,1.4943636364,1.3768181818,0.9291818182,0.9701818182,1.1226363636,1.2920000000,1.3954545455,1.4680909091,1.5180909091,1.0587272727,1.0114545455,1.0353636364
1.1006363636,0.9037272727,0.9396363636,1.2445454545,1.3430909091,1.4190909091,1.4656363636,1.0819090909,0.9067272727,0.9731818182,1.1075454545,1.2685454545,1.4406363636,1.4907272727,1.3731818182,0.9286363636,0.9698181818,1.1200909091,1.2899090909,1.3924545455,1.4636363636,1.5147272727,1.0580000000,1.0117272727,1.0347272727
1.0985454545,0.9038181818,0.9383636364,1.2408181818,1.3392727273,1.4153636364,1.4610000000,1.0799090909,0.9059090909,0.9721818182,1.1056363636,1.2649090909,1.4358181818,1.4858181818,1.3694545455,0.9284545455,0.9687272727,1.1182727273,1.2859090909,1.3879090909,1.4599090909,1.5097272727,1.0580909091,1.0114545455,1.0342727273
1.0973636364,0.9037272727,0.9384545455,1.2377272727,1.3361818182,1.4108181818,1.4560909091,1.0773636364,0.9055454545,0.9720909091,1.1036363636,1.2607272727,1.4309090909,1.4818181818,1.3647272727,0.9282727273,0.9669090909,1.1156363636,1.2834545455,1.3838181818,1.4547272727,1.5045454545,1.0580909091,1.0116363636,1.0333636364
1.0956363636,0.9040000000,0.9378181818,1.2344545455,1.3313636364,1.4066363636,1.4515454545,1.0762727273,0.9050909091,0.9701818182,1.1011818182,1.2578181818,1.4271818182,1.4773636364,1.3613636364,0.9279090909,0.9660000000,1.1139090909,1.2801818182,1.3798181818,1.4514545455,1.5006363636,1.0579090909,1.0108181818,1.0326363636
1.0940909091,0.9032727273,0.9369090909,1.2308181818,1.3278181818,1.4024545455,1.4472727273,1.0730909091,0.9047272727,0.9690909091,1.0996363636,1.2540000000,1.4225454545,1.4733636364,1.3579090909,0.9282727273,0.9656363636,1.1121818182,1.2777272727,1.3760909091,1.4468181818,1.4961818182,1.0582727273,1.0118181818,1.0319090909
1.0921818182,0.9038181818,0.9362727273,1.2274545455,1.3248181818,1.3981818182,1.4431818182,1.0710909091,0.9036363636,0.9680909091,1.0976363636,1.2507272727,1.4189090909,1.4685454545,1.3527272727,0.9280909091,0.9648181818,1.1093636364,1.2742727273,1.3722727273,1.4423636364,1.4918181818,1.0579090909,1.0116363636,1.0311818182
1.0900909091,0.9031818182,0.9354545455,1.2240000000,1.3201818182,1.3935454545,1.4383636364,1.0695454545,0.9042727273,0.9670909091,1.0961818182,1.2474545455,1.4137272727,1.4647272727,1.3488181818,0.9270000000,0.9648181818,1.1078181818,1.2705454545,1.3690909091,1.4390909091,1.4880000000,1.0582727273,1.0108181818,1.0306363636
1.0887272727,0.9026363636,0.9345454545,1.2216363636,1.3162727273,1.3895454545,1.4343636364,1.0682727273,0.9040000000,0.9665454545,1.0925454545,1.2440909091,1.4097272727,1.4612727273,1.3443636364,0.9262727273,0.9634545455,1.1059090909,1.2683636364,1.3649090909,1.4327272727,1.4837272727,1.0570909091,1.0108181818,1.0306363636
1.0869090909,0.9026363636,0.9341818182,1.2186363636,1.3122727273,1.3853636364,1.4304545455,1.0654545455,0.9037272727,0.9655454545,1.0913636364,1.2407272727,1.4061818182,1.4568181818,1.3411818182,0.9269090909,0.9625454545,1.1043636364,1.2648181818,1.3615454545,1.4295454545,1.4788181818,1.0576363636,1.0110000000,1.0303636364
1.0844545455,0.9027272727,0.9331818182,1.2150909091,1.3100000000,1.3810909091,1.4259090909,1.0637272727,0.9033636364,0.9652727273,1.0900909091,1.2372727273,1.4017272727,1.4514545455,1.3378181818,0.9274545455,0.9626363636,1.1028181818,1.2620000000,1.3570909091,1.4259090909,1.4750000000,1.0574545455,1.0110909091,1.0289090909
1.0834545455,0.9024545455,0.9324545455,1.2111818182,1.3058181818,1.3769090909,1.4209090909,1.0622727273,0.9035454545,0.9644545455,1.0870000000,1.2345454545,1.3970909091,1.4481818182,1.3342727273,0.9255454545,0.9621818182,1.1012727273,1.2583636364,1.3536363636,1.4220909091,1.4722727273,1.0575454545,1.0102727273,1.0278181818
1.0814545455,0.9008181818,0.9316363636,1.2084545455,1.3018181818,1.3733636364,1.4179090909,1.0593636364,0.9024545455,0.9626363636,1.0853636364,1.2310909091,1.3942727273,1.4426363636,1.3300909091,0.9259090909,0.9611818182,1.0991818182,1.2547272727,1.3498181818,1.4184545455,1.4686363636,1.0575454545,1.0112727273,1.0274545455
1.0798181818,0.9010909091,0.9310909091,1.2050909091,1.2982727273,1.3683636364,1.4134545455,1.0576363636,0.9026363636,0.9615454545,1.0836363636,1.2292727273,1.3898181818,1.4389090909,1.3266363636,0.9262727273,0.9612727273,1.0973636364,1.2525454545,1.3462727273,1.4137272727,1.4640909091,1.0564545455,1.0108181818,1.0284545455
1.0788181818,0.9018181818,0.9300000000,1.2033636364,1.2950000000,1.3649090909,1.4086363636,1.0545454545,0.9019090909,0.9607272727,1.0812727273,1.2257272727,1.3856363636,1.4347272727,1.3230909091,0.9262727273,0.9591818182,1.0950909091,1.2497272727,1.3429090909,1.4107272727,1.4606363636,1.0570000000,1.0104545455,1.0271818182
1.0765454545,0.9013636364,0.9299090909,1.1996363636,1.2914545455,1.3612727273,1.4045454545,1.0539090909,0.9019090909,0.9588181818,1.0801818182,1.2227272727,1.3815454545,1.4300909091,1.3190000000,0.9255454545,0.9591818182,1.0935454545,1.2461818182,1.3387272727,1.4054545455,1.4551818182,1.0562727273,1.0110000000,1.0262727273
1.0749090909,0.9007272727,0.9291818182,1.1963636364,1.2883636364,1.3575454545,1.4010909091,1.0519090909,0.9018181818,0.9589090909,1.0777272727,1.2193636364,1.3777272727,1.4251818182,1.3164545455,0.9256363636,0.9581818182,1.0919090909,1.2423636364,1.3358181818,1.4013636364,1.4522727273,1.0564545455,1.0102727273,1.0250000000
1.0732727273,0.9003636364,0.9288181818,1.1933636364,1.2858181818,1.3538181818,1.3972727273,1.0500000000,0.9021818182,0.9581818182,1.0756363636,1.2168181818,1.3736363636,1.4212727273,1.3119090909,0.9250000000,0.9577272727,1.0892727273,1.2393636364,1.3319090909,1.3984545455,1.4477272727,1.0572727273,1.0112727273,1.0245454545
1.0716363636,0.9008181818,0.9289090909,1.1910000000,1.2823636364,1.3495454545,1.3923636364,1.0478181818,0.9018181818,0.9575454545,1.0736363636,1.2130909091,1.3700909091,1.4168181818,1.3080909091,0.9248181818,0.9578181818,1.0873636364,1.2367272727,1.3280000000,1.3947272727,1.4435454545,1.0567272727,1.0111818182,1.0242727273
1.0699090909,0.9000909091,0.9279090909,1.1870909091,1.2790000000,1.3455454545,1.3877272727,1.0461818182,0.9018181818,0.9564545455,1.0712727273,1.2100000000,1.3661818182,1.4140000000,1.3043636364,0.9246363636,0.9570000000,1.0860909091,1.2344545455,1.3250909091,1.3911818182,1.4393636364,1.0573636364,1.0100909091,1.0237272727
1.0685454545,0.8995454545,0.9272727273,1.1852727273,1.2764545455,1.3417272727,1.3844545455,1.0454545455,0.9012727273,0.9551818182,1.0700000000,1.2077272727,1.3621818182,1.4100909091,1.3015454545,0.9251818182,0.9564545455,1.0842727273,1.2306363636,1.3211818182,1.3871818182,1.4354545455,1.0559090909,1.0099090909,1.0226363636
1.0674545455,0.8996363636,0.9264545455,1.1817272727,1.2722727273,1.3370909091,1.3804545455,1.0434545455,0.9012727273,0.9553636364,1.0680909091,1.2042727273,1.3584545455,1.4062727273,1.2981818182,0.9246363636,0.9547272727,1.0822727273,1.2281818182,1.3171818182,1.3830909091,1.4317272727,1.0562727273,1.0099090909,1.0219090909
1.0650000000,0.9001818182,0.9271818182,1.1790000000,1.2691818182,1.3344545455,1.3770000000,1.0408181818,0.9021818182,0.9540909091,1.0664545455,1.2009090909,1.3547272727,1.4019090909,1.2952727273,0.9239090909,0.9543636364,1.0808181818,1.2250000000,1.3147272727,1.3786363636,1.4281818182,1.0570000000,1.0103636364,1.0216363636
1.0631818182,0.9000909091,0.9251818182,1.1760909091,1.2666363636,1.3299090909,1.3725454545,1.0394545455,0.9015454545,0.9535454545,1.0637272727,1.1979090909,1.3504545455,1.3984545455,1.2923636364,0.9233636364,0.9537272727,1.0791818182,1.2229090909,1.3115454545,1.3757272727,1.4242727273,1.0572727273,1.0104545455,1.0210000000
1.0618181818,0.8989090909,0.9255454545,1.1733636364,1.2626363636,1.3261818182,1.3685454545,1.0388181818,0.9007272727,0.9520909091,1.0624545455,1.1957272727,1.3469090909,1.3932727273,1.2892727273,0.9237272727,0.9533636364,1.0767272727,1.2197272727,1.3075454545,1.3719090909,1.4197272727,1.0568181818,1.0108181818,1.0207272727
1.0605454545,0.8992727273,0.9252727273,1.1705454545,1.2588181818,1.3232727273,1.3650909091,1.0368181818,0.9005454545,0.9518181818,1.0610909091,1.1930909091,1.3435454545,1.3894545455,1.2860000000,0.9240000000,0.9533636364,1.0755454545,1.2167272727,1.3051818182,1.3676363636,1.4156363636,1.0561818182,1.0100909091,1.0203636364
1.0595454545,0.8992727273,0.9240000000,1.1676363636,1.2559090909,1.3191818182,1.3610909091,1.0350000000,0.9001818182,0.9512727273,1.0589090909,1.1905454545,1.3399090909,1.3858181818,1.2830000000,0.9234545455,0.9526363636,1.0730909091,1.2140000000,1.3011818182,1.3648181818,1.4123636364,1.0564545455,1.0102727273,1.0199090909
1.0587272727,0.8985454545,0.9240909091,1.1655454545,1.2528181818,1.3157272727,1.3569090909,1.0333636364,0.8997272727,0.9500909091,1.0568181818,1.1872727273,1.3363636364,1.3825454545,1.2794545455,0.9239090909,0.9522727273,1.0715454545,1.2113636364,1.2987272727,1.3611818182,1.4076363636,1.0557272727,1.0092727273,1.0192727273
1.0570000000,0.8980909091,0.9229090909,1.1630000000,1.2497272727,1.3121818182,1.3534545455,1.0313636364,0.8993636364,0.9499090909,1.0550000000,1.1843636364,1.3328181818,1.3792727273,1.2769090909,0.9232727273,0.9522727273,1.0700909091,1.2090000000,1.2957272727,1.3574545455,1.4040909091,1.0554545455,1.0100000000,1.0189090909
1.0547272727,0.8977272727,0.9229090909,1.1598181818,1.2469090909,1.3084545455,1.3498181818,1.0294545455,0.9000000000,0.9494545455,1.0535454545,1.1817272727,1.3294545455,1.3750000000,1.2729090909,0.9231818182,0.9508181818,1.0679090909,1.2061818182,1.2919090909,1.3540000000,1.4014545455,1.0560909091,1.0093636364,1.0185454545
1.0536363636,0.8981818182,0.9215454545,1.1580000000,1.2433636364,1.3057272727,1.3460000000,1.0277272727,0.8995454545,0.9480000000,1.0515454545,1.1789090909,1.3264545455,1.3711818182,1.2708181818,0.9230909091,0.9497272727,1.0667272727,1.2030909091,1.2900909091,1.3497272727,1.3970909091,1.0563636364,1.0098181818,1.0188181818
1.0523636364,0.8980909091,0.9213636364,1.1549090909,1.2406363636,1.3012727273,1.3429090909,1.0269090909,0.8997272727,0.9477272727,1.0499090909,1.1766363636,1.3224545455,1.3669090909,1.2670909091,0.9224545455,0.9495454545,1.0650000000,1.2009090909,1.2871818182,1.3466363636,1.3933636364,1.0556363636,1.0099090909,1.0180909091
1.0513636364,0.8981818182,0.9216363636,1.1520909091,1.2364545455,1.2983636364,1.3384545455,1.0249090909,0.8995454545,0.9474545455,1.0479090909,1.1738181818,1.3189090909,1.3630000000,1.2631818182,0.9220909091,0.9491818182,1.0632727273,1.1982727273,1.2850000000,1.3433636364,1.3904545455,1.0554545455,1.0100000000,1.0175454545
1.0496363636,0.8972727273,0.9209090909,1.1494545455,1.2341818182,1.2955454545,1.3352727273,1.0235454545,0.8999090909,0.9460909091,1.0466363636,1.1716363636,1.3162727273,1.3602727273,1.2607272727,0.9230000000,0.9473636364,1.0616363636,1.1953636364,1.2815454545,1.3396363636,1.3855454545,1.0557272727,1.0099090909,1.0170909091
1.0480000000,0.8970000000,0.9201818182,1.1474545455,1.2321818182,1.2922727273,1.3316363636,1.0221818182,0.8996363636,0.9455454545,1.0454545455,1.1686363636,1.3124545455,1.3568181818,1.2580909091,0.9220000000,0.9474545455,1.0603636364,1.1927272727,1.2784545455,1.3364545455,1.3834545455,1.0553636364,1.0100000000,1.0164545455
1.0467272727,0.8991818182,0.9204545455,1.1443636364,1.2278181818,1.2900909091,1.3278181818,1.0208181818,0.8988181818,0.9448181818,1.0435454545,1.1654545455,1.3077272727,1.3526363636,1.2549090909,0.9222727273,0.9465454545,1.0594545455,1.1900909091,1.2750909091,1.3330000000,1.3794545455,1.0550909091,1.0100000000,1.0161818182
1.0456363636,0.9000909091,0.9199090909,1.1412727273,1.2252727273,1.2871818182,1.3247272727,1.0189090909,0.8978181818,0.9442727273,1.0421818182,1.1630909091,1.3050909091,1.3487272727,1.2519090909,0.9227272727,0.9467272727,1.0566363636,1.1874545455,1.2719090909,1.3309090909,1.3750909091,1.0557272727,1.0094545455,1.0163636364
1.0445454545,0.8960909091,0.9193636364,1.1393636364,1.2225454545,1.2843636364,1.3214545455,1.0176363636,0.8982727273,0.9436363636,1.0409090909,1.1612727273,1.3025454545,1.3455454545,1.2490909091,0.9210000000,0.9460909091,1.0553636364,1.1841818182,1.2698181818,1.3270909091,1.3718181818,1.0550000000,1.0098181818,1.0150000000
1.0430000000,0.8970000000,0.9184545455,1.1370000000,1.2187272727,1.2810000000,1.3180000000,1.0160909091,0.8984545455,0.9431818182,1.0387272727,1.1580909091,1.2988181818,1.3421818182,1.2456363636,0.9220909091,0.9457272727,1.0540909091,1.1834545455,1.2669090909,1.3240000000,1.3680909091,1.0555454545,1.0098181818,1.0152727273
1.0424545455,0.8990000000,0.9185454545,1.1353636364,1.2160909091,1.2782727273,1.3150000000,1.0149090909,0.8979090909,0.9419090909,1.0371818182,1.1569090909,1.2951818182,1.3378181818,1.2430000000,0.9214545455,0.9445454545,1.0520909091,1.1800000000,1.2632727273,1.3207272727,1.3644545455,1.0560000000,1.0100909091,1.0144545455
1.0405454545,0.8970909091,0.9184545455,1.1326363636,1.2140000000,1.2750909091,1.3108181818,1.0130909091,0.8975454545,0.9410909091,1.0354545455,1.1538181818,1.2927272727,1.3349090909,1.2396363636,0.9212727273,0.9442727273,1.0508181818,1.1771818182,1.2604545455,1.3173636364,1.3614545455,1.0551818182,1.0097272727,1.0136363636
