0.1671633720,0.6410625000,0.8941875000,1.0483125000,1.0740000000,0.0000000000,1.0526250000,-0.0001875000,26.6190673895,33.3399543709,96213.1735579468
0.5200731754,0.6410625000,0.8941875000,1.0483125000,1.0740000000,0.0000000000,1.0526250000,-0.0001875000,26.6228696909,33.4255342361,96213.0900070521
0.9592685699,0.6410625000,0.8940000000,1.0483125000,1.0738125000,0.0000000000,1.0526250000,0.0000000000,26.6127302208,33.4142688042,96216.9942053071
1.3604876995,0.6410625000,0.8940000000,1.0483125000,1.0738125000,0.0000000000,1.0526250000,0.0000000000,26.6177999557,33.3456815160,96214.7007366207
1.7741072178,0.6408750000,0.8940000000,1.0481250000,1.0738125000,0.0000000000,1.0526250000,0.0000000000,26.6184336726,33.3513818891,96212.7422830264
2.2082288265,0.6410625000,0.8940000000,1.0481250000,1.0736250000,0.0000000000,1.0526250000,-0.0001875000,26.6108290703,33.3514977188,96216.3531887719
2.6540184021,0.6408750000,0.8938125000,1.0481250000,1.0738125000,0.0000000000,1.0526250000,0.0000000000,26.6114627871,33.3514888097,96216.4430775238
3.1114602089,0.6410625000,0.8938125000,1.0481250000,1.0736250000,0.0001875000,1.0526250000,0.0000000000,26.6063930526,33.3572751453,96216.0054264053
3.5911853313,0.6408750000,0.8938125000,1.0483125000,1.0738125000,0.0000000000,1.0526250000,-0.0001875000,26.6082942030,33.3743728759,96220.0602903687
4.0810904503,0.6410625000,0.8938125000,1.0483125000,1.0740000000,0.0000000000,1.0526250000,-0.0001875000,26.6057593358,33.3572840458,96216.9396879015
4.5823321342,0.6410625000,0.8938125000,1.0481250000,1.0736250000,0.0001875000,1.0526250000,0.0000000000,26.6051256190,33.3630020491,96214.1187338464
5.0939970016,0.6410625000,0.8938125000,1.0481250000,1.0738125000,0.0000000000,1.0526250000,0.0000000000,26.6006896015,33.4087422467,96215.8192638533
5.6410291195,0.6410625000,0.8940000000,1.0481250000,1.0738125000,0.0000000000,1.0526250000,0.0000000000,26.5994221680,33.3687970280,96217.0050058671
6.2250673771,0.6410625000,0.8940000000,1.0483125000,1.0738125000,0.0000000000,1.0526250000,0.0000000000,26.5975210178,33.4144982690,96213.6329610914
6.8093183041,0.6410625000,0.8938125000,1.0483125000,1.0738125000,0.0000000000,1.0528125000,0.0000000000,26.5937187174,33.2775415767,96215.0819729353
7.3958547115,0.6410625000,0.8938125000,1.0483125000,1.0740000000,0.0000000000,1.0528125000,0.0000000000,26.5911838506,33.4888093522,96214.3510783306
8.0397758484,0.6410625000,0.8938125000,1.0483125000,1.0740000000,0.0000000000,1.0528125000,-0.0001875000,26.5892827006,33.3118616526,96218.1779077243
8.6512141228,0.6410625000,0.8938125000,1.0483125000,1.0740000000,0.0000000000,1.0524375000,0.0000000000,26.5892827006,33.3803687522,96217.8365329642
9.2683651447,0.6408750000,0.8936250000,1.0483125000,1.0738125000,0.0001875000,1.0524375000,-0.0001875000,26.5848466839,33.3918543286,96217.8301056806
9.8976995945,0.6408750000,0.8936250000,1.0483125000,1.0738125000,0.0000000000,1.0526250000,0.0000000000,26.5823118174,33.3918926805,96218.1233136917
10.5446631908,0.6408750000,0.8936250000,1.0483125000,1.0738125000,0.0000000000,1.0524375000,0.0000000000,26.5791432343,33.3976485939,96217.6438846918
11.2011239529,0.6408750000,0.8936250000,1.0481250000,1.0738125000,0.0000000000,1.0524375000,0.0000000000,26.5734397850,33.4148599297,96213.7026275764
11.8772094250,0.6408750000,0.8938125000,1.0483125000,1.0738125000,0.0000000000,1.0524375000,0.0000000000,26.5715386354,33.4034721354,96215.4511850717
12.5745992661,0.6408750000,0.8938125000,1.0483125000,1.0740000000,0.0000000000,1.0526250000,0.0000000000,26.5677363361,33.4149481047,96215.1932720767
13.2735009193,0.6408750000,0.8938125000,1.0485000000,1.0738125000,0.0000000000,1.0526250000,0.0000000000,26.5639340371,33.3864613878,96216.3307638319
14.0140664577,0.6408750000,0.8938125000,1.0485000000,1.0740000000,0.0000000000,1.0524375000,0.0000000000,26.5594980217,33.4207799519,96214.9588680086
14.7441797256,0.6410625000,0.8940000000,1.0483125000,1.0738125000,0.0001875000,1.0526250000,0.0000000000,26.5601317382,33.4378963849,96216.4141955206
15.5111625195,0.6410625000,0.8938125000,1.0483125000,1.0738125000,0.0000000000,1.0524375000,-0.0001875000,26.5550620066,33.4265558299,96218.7073262752
16.2742106915,0.6408750000,0.8938125000,1.0483125000,1.0738125000,0.0000000000,1.0524375000,0.0000000000,26.5474574097,33.4323784559,96214.4665114469
17.0556781292,0.6408750000,0.8938125000,1.0483125000,1.0738125000,0.0000000000,1.0524375000,0.0000000000,26.5455562606,33.4438212541,96217.9516955046
17.9286646843,0.6410625000,0.8940000000,1.0483125000,1.0738125000,0.0001875000,1.0524375000,0.0000000000,26.5347830830,33.5010623023,96215.6209126317
18.8065614700,0.6410625000,0.8940000000,1.0483125000,1.0738125000,0.0000000000,1.0526250000,-0.0001875000,26.5335156505,33.4497106070,96218.8246047031
19.6841344833,0.6410625000,0.8940000000,1.0481250000,1.0738125000,0.0001875000,1.0524375000,-0.0001875000,26.5297133529,33.5182613549,96219.2792788780
20.5742237568,0.6410625000,0.8940000000,1.0481250000,1.0738125000,0.0001875000,1.0524375000,0.0000000000,26.5322482179,33.5010999884,96217.6207759800
21.4622087479,0.6408750000,0.8940000000,1.0481250000,1.0736250000,0.0000000000,1.0522500000,-0.0001875000,26.5271784879,33.5468380585,96216.8416687052
22.3834824562,0.6406875000,0.8938125000,1.0477500000,1.0734375000,0.0000000000,1.0520625000,-0.0001875000,26.5170390288,33.4727871989,96215.9661327107
23.2694456577,0.6408750000,0.8936250000,1.0477500000,1.0734375000,0.0001875000,1.0522500000,0.0000000000,26.5176727449,33.4784862654,96221.1760747145
24.1717901230,0.6406875000,0.8936250000,1.0479375000,1.0734375000,0.0001875000,1.0522500000,-0.0001875000,26.5081670030,33.4843363877,96220.3903450294
25.0783207417,0.6408750000,0.8938125000,1.0479375000,1.0736250000,0.0000000000,1.0522500000,0.0000000000,26.5094344352,33.4843160564,96223.6721064146
25.9977467060,0.6408750000,0.8938125000,1.0481250000,1.0736250000,0.0000000000,1.0522500000,-0.0001875000,26.5030972744,33.4901194887,96220.2938530449
26.9292974472,0.6408750000,0.8938125000,1.0481250000,1.0736250000,0.0000000000,1.0524375000,0.0000000000,26.4999286941,33.4958734531,96218.1077402509
27.8863296509,0.6410625000,0.8938125000,1.0479375000,1.0736250000,0.0000000000,1.0524375000,-0.0001875000,26.4904229541,33.3704500480,96224.1484483961
28.8916800022,0.6410625000,0.8940000000,1.0479375000,1.0738125000,0.0001875000,1.0526250000,-0.0001875000,26.4897892381,33.5131463500,96220.3040031936
29.8713614941,0.6410625000,0.8940000000,1.0479375000,1.0738125000,0.0000000000,1.0526250000,-0.0001875000,26.4916903860,33.5131174438,96222.3102950587
30.8717699051,0.6412500000,0.8941875000,1.0479375000,1.0736250000,0.0000000000,1.0526250000,0.0000000000,26.4790160674,33.5133053068,96223.4341974316
31.8801176548,0.6414375000,0.8941875000,1.0479375000,1.0736250000,0.0000000000,1.0526250000,0.0000000000,26.4752137721,33.5304817496,96218.0863915108
32.9080512524,0.6414375000,0.8943750000,1.0479375000,1.0736250000,0.0001875000,1.0526250000,-0.0001875000,26.4733126246,33.5076819274,96218.4693407025
33.9569687843,0.6412500000,0.8943750000,1.0479375000,1.0736250000,0.0001875000,1.0526250000,0.0000000000,26.4682428979,33.5305854898,96218.0314894094
35.0149083138,0.6412500000,0.8941875000,1.0479375000,1.0734375000,0.0000000000,1.0526250000,-0.0001875000,26.4555685826,33.5478934497,96217.4488014394
36.0856285095,0.6412500000,0.8940000000,1.0481250000,1.0734375000,0.0000000000,1.0526250000,0.0000000000,26.4511325727,33.6620941989,96215.0530365988
37.1600382328,0.6414375000,0.8941875000,1.0479375000,1.0736250000,0.0000000000,1.0528125000,0.0000000000,26.4504988570,33.5650885622,96215.9870344848
38.2225294113,0.6414375000,0.8943750000,1.0481250000,1.0736250000,0.0000000000,1.0528125000,-0.0001875000,26.4441617004,33.5765936440,96221.1714137548
39.2966649532,0.6412500000,0.8945625000,1.0481250000,1.0738125000,0.0001875000,1.0530000000,0.0000000000,26.4409931223,33.6793604479,96220.3206371972
40.4596216679,0.6414375000,0.8945625000,1.0483125000,1.0738125000,0.0000000000,1.0533750000,0.0000000000,26.4346559664,33.5196675510,96217.6551609423
41.6292130947,0.6414375000,0.8947500000,1.0483125000,1.0740000000,0.0000000000,1.0535625000,0.0000000000,26.4289525264,33.6224683418,96216.4447814834
42.8003344536,0.6414375000,0.8949375000,1.0485000000,1.0740000000,0.0000000000,1.0535625000,0.0000000000,26.4232490869,33.3828755065,96216.5995530798
43.9738726616,0.6412500000,0.8949375000,1.0483125000,1.0740000000,0.0001875000,1.0537500000,0.0000000000,26.4207142250,33.6054685449,96218.5989497089
45.1467709541,0.6412500000,0.8951250000,1.0485000000,1.0741875000,0.0000000000,1.0537500000,0.0000000000,26.4112084934,33.5086007389,96215.7653361457
46.3492693901,0.6410625000,0.8951250000,1.0485000000,1.0741875000,0.0000000000,1.0537500000,-0.0001875000,26.4067724857,33.4972544556,96220.5364816575
47.5448479652,0.6408750000,0.8951250000,1.0485000000,1.0740000000,0.0000000000,1.0537500000,-0.0001875000,26.4029701936,33.6799061786,96213.4828254508
48.7499384880,0.6406875000,0.8953125000,1.0485000000,1.0741875000,0.0000000000,1.0539375000,0.0000000000,26.3998016170,33.6400120536,96217.4099093448
49.9633207321,0.6406875000,0.8953125000,1.0485000000,1.0743750000,0.0000000000,1.0541250000,0.0000000000,26.3953656098,33.6400742825,96217.0918475405
51.1941440105,0.6406875000,0.8955000000,1.0488750000,1.0745625000,0.0001875000,1.0545000000,-0.0001875000,26.3826913050,33.6573754698,96218.2151964860
52.4562516212,0.6403125000,0.8955000000,1.0486875000,1.0745625000,0.0000000000,1.0545000000,-0.0001875000,26.3826913050,33.6288464683,96221.2865723831
53.7394282818,0.6401250000,0.8958750000,1.0488750000,1.0745625000,0.0000000000,1.0546875000,-0.0001875000,26.3763541533,33.6631742098,96219.6149960138
55.0150885582,0.6395625000,0.8958750000,1.0488750000,1.0747500000,0.0000000000,1.0548750000,-0.0001875000,26.3725518625,33.6803445993,96216.9979953918
56.3035755157,0.6395625000,0.8960625000,1.0488750000,1.0749375000,0.0000000000,1.0550625000,0.0000000000,26.3662147115,33.6462011390,96217.4039644001
57.6065046787,0.6390000000,0.8962500000,1.0490625000,1.0749375000,0.0001875000,1.0550625000,0.0000000000,26.3611449910,33.6919184179,96221.0610081016
58.9354236126,0.6386250000,0.8964375000,1.0490625000,1.0751250000,0.0000000000,1.0552500000,0.0000000000,26.3554415558,33.8004028445,96216.0668591673
60.2734057903,0.6380625000,0.8964375000,1.0490625000,1.0751250000,0.0000000000,1.0550625000,0.0000000000,26.3434009716,33.7092890736,96217.6510836938
61.6554737091,0.6371250000,0.8964375000,1.0490625000,1.0749375000,0.0000000000,1.0550625000,-0.0001875000,26.3395986822,33.7207552228,96219.0990988027
63.0324044228,0.6371250000,0.9136875000,1.0492500000,1.0751250000,0.0000000000,1.0539375000,0.0000000000,26.3383312524,33.8006425216,96217.5543062645
64.4550023079,0.6607500000,0.9438750000,1.0479375000,1.0760625000,0.0000000000,1.0522500000,-0.0001875000,26.3351626781,33.8178013469,96220.1459067510
65.9192261696,0.6697500000,0.9451875000,1.0410000000,-0.0063750000,0.0001875000,1.0507500000,0.0000000000,26.3288255298,33.4584692639,96217.7918757582
67.3820788860,0.6731250000,0.8986875000,1.0256250000,-0.0063750000,0.0001875000,1.0507500000,0.0000000000,26.3155175198,33.8694201706,96218.8248390234
68.8431849480,0.6823125000,0.8640000000,1.0290000000,-0.0061875000,0.0000000000,1.0501875000,0.0000000000,26.3098140875,33.4929816864,96218.9793064019
70.3062989712,0.6695625000,0.8557500000,1.0417500000,-0.0063750000,0.0000000000,1.0496250000,-0.0001875000,26.3060117996,33.8410312083,96221.4508538189
71.7708795071,0.6725625000,0.8589375000,1.0485000000,-0.0061875000,0.0001875000,1.0494375000,0.0000000000,26.3028432264,33.7555070755,96220.2888307394
73.2523620129,0.6785625000,0.8640000000,1.0550625000,-0.0063750000,0.0001875000,1.0492500000,-0.0001875000,26.2990409387,33.7954913413,96221.0842105847
74.7715859413,0.6832500000,0.8666250000,1.0533750000,-0.0061875000,0.0001875000,1.0490625000,-0.0001875000,26.2939712221,33.7898585094,96218.9400244328
76.2425615788,0.6894375000,0.8660625000,1.0526250000,-0.0061875000,0.0000000000,1.0492500000,0.0000000000,26.2800295029,33.7957611301,96215.0759063632
77.7371079922,0.6849375000,0.8576250000,1.0520625000,-0.0063750000,0.0000000000,1.0494375000,0.0000000000,26.2768609307,33.8072135421,96220.7380709633
79.2539997101,0.6708750000,0.8546250000,1.0530000000,-0.0063750000,0.0001875000,1.0498125000,-0.0001875000,26.2743260730,33.8243616512,96219.3247855112
80.7891697884,0.6630000000,0.8536875000,1.0558125000,-0.0061875000,0.0000000000,1.0503750000,0.0000000000,26.2635529285,33.8245122904,96220.0646140653
82.3552265167,0.6645000000,0.8548125000,1.0571250000,1.1158125000,0.0000000000,1.0507500000,0.0000000000,26.2584832139,33.7561357950,96219.6264709059
83.8979930878,0.6671250000,0.8572500000,1.0575000000,1.1191875000,0.0000000000,1.0516875000,-0.0001875000,26.2521460711,33.8531928909,96218.6373078709
85.4672148228,0.6723750000,0.8606250000,1.0565625000,1.1182500000,0.0001875000,1.0526250000,-0.0001875000,26.2451752145,33.8589919569,96221.0001011851
87.0616185665,0.6753750000,0.8632500000,1.0560000000,1.1161875000,0.0000000000,1.0533750000,0.0000000000,26.2369369302,33.8705134258,96222.1294331055
88.6713147163,0.6776250000,0.8655000000,1.0558125000,1.1248125000,0.0000000000,1.0545000000,0.0000000000,26.2293323607,33.8763228230,96224.3721858189
90.2973105907,0.6789375000,0.8668125000,1.0561875000,1.1259375000,0.0001875000,1.0558125000,0.0000000000,26.2255300762,33.8877838911,96230.5962495365
91.9636726379,0.6796875000,0.8688750000,1.0569375000,1.1268750000,0.0001875000,1.0569375000,-0.0001875000,26.2172917937,33.7453124678,96232.7488896874
93.6104257107,0.6796875000,0.8705625000,1.0576875000,1.1229375000,0.0000000000,1.0582500000,0.0000000000,26.2109546539,33.9107970057,96237.2482983104
95.2761688232,0.6798750000,0.8707500000,1.0584375000,1.1160000000,0.0000000000,1.0593750000,-0.0001875000,26.1989140894,33.9223702048,96235.0482738138
96.9469351768,0.6798750000,0.8698125000,1.0591875000,1.1182500000,0.0000000000,1.0605000000,0.0000000000,26.1925769508,33.9566763180,96238.8351768116
98.6433589458,0.6800625000,0.8690625000,1.0599375000,1.1191875000,0.0000000000,1.0616250000,-0.0001875000,26.1862398127,33.9339507456,96236.1699306387
100.4511113167,0.6802500000,0.8690625000,1.0608750000,1.1216250000,0.0000000000,1.0627500000,-0.0001875000,26.1761003927,33.9626036648,96236.6577925123
102.2065083981,0.6804375000,0.8688750000,1.0620000000,1.1278125000,0.0000000000,1.0642500000,-0.0001875000,26.1773678202,33.9796928865,96239.5969135173
103.9618632793,0.6808125000,0.8696250000,1.0631250000,1.1295000000,0.0000000000,1.0655625000,0.0000000000,26.1672284012,33.8714822459,96240.7669790281
105.7291357517,0.6811875000,0.8709375000,1.0638750000,1.1311875000,0.0000000000,1.0668750000,0.0000000000,26.1621586921,34.0825429386,96236.2347739006
107.5115888119,0.6817500000,0.8720625000,1.0651875000,1.1328750000,0.0000000000,1.0680000000,-0.0001875000,26.1545541291,34.1510703528,96235.0654452068
109.2960000038,0.6821250000,0.8728125000,1.0661250000,1.1341875000,0.0001875000,1.0691250000,0.0000000000,26.1501181343,33.9857680488,96229.9410212237
111.0923418999,0.6825000000,0.8737500000,1.0672500000,1.1343750000,0.0000000000,1.0702500000,0.0000000000,26.1393450050,33.9973185683,96226.9275219849
112.8952054977,0.6828750000,0.8745000000,1.0681875000,1.1364375000,0.0000000000,1.0713750000,0.0000000000,26.1342752975,34.0087916490,96224.7835024815
114.7116250992,0.6832500000,0.8754375000,1.0693125000,1.1385000000,0.0000000000,1.0725000000,0.0000000000,26.1298393038,34.0145545339,96223.0705753862
116.5443885326,0.6840000000,0.8761875000,1.0704375000,1.1392500000,0.0001875000,1.0738125000,0.0000000000,26.1203336035,34.0146815199,96221.6315538149
118.3816528320,0.6847500000,0.8865000000,1.0715625000,1.1401875000,0.0000000000,1.0749375000,0.0000000000,26.1165313237,34.0375415196,96220.0086003530
120.2461247444,0.6849375000,0.9116250000,1.0726875000,1.1400000000,0.0000000000,1.0760625000,-0.0001875000,26.1070256250,34.0433722412,96222.2919029342
122.1134204865,0.6855000000,0.9215625000,1.0738125000,1.1293125000,0.0000000000,1.0771875000,-0.0001875000,26.1006884930,34.1574854429,96221.6736526673
123.9998812675,0.6860625000,0.9238125000,1.0749375000,1.1360625000,0.0000000000,1.0783125000,-0.0001875000,26.0899153697,34.0664066948,96218.3192158987
125.9112086296,0.6862500000,0.9225000000,1.0758750000,1.1375625000,0.0000000000,1.0790625000,0.0000000000,26.0880142305,34.0664328981,96216.6549995058
127.8282587528,0.6866250000,0.9223125000,1.0775625000,1.1381250000,0.0000000000,1.0803750000,0.0000000000,26.0797759608,34.0836466132,96219.1479996371
129.7581899166,0.6870000000,0.9232500000,1.0785000000,1.1396250000,0.0001875000,1.0813125000,-0.0001875000,26.0778748217,34.2889093171,96223.2825059362
131.7052252293,0.6873750000,0.9283125000,1.0798125000,1.1317500000,0.0000000000,1.0826250000,0.0000000000,26.0645668496,34.1009533242,96218.5150364629
133.7280089855,0.6877500000,0.9129375000,1.0811250000,1.1304375000,0.0000000000,1.0835625000,0.0000000000,26.0575960078,34.1067479347,96218.8001068997
135.7199153900,0.6881250000,0.8660625000,1.0822500000,1.1274375000,0.0001875000,1.0846875000,-0.0001875000,26.0544274435,34.1181912214,96221.0491205865
137.7259407043,0.6883125000,0.8499375000,1.0833750000,1.1510625000,0.0000000000,1.0856250000,0.0000000000,26.0449217514,34.1297197689,96218.5567904725
139.7606067657,0.6886875000,0.8478750000,1.0846875000,1.1525625000,0.0000000000,1.0865625000,0.0000000000,26.0423869004,34.1297508419,96221.2667527241
141.7998447418,0.6890625000,0.8520000000,1.0860000000,1.1538750000,0.0000000000,1.0876875000,0.0000000000,26.0284452209,34.1470386346,96222.1777380738
143.8575758934,0.6894375000,0.8580000000,1.0873125000,1.1546250000,0.0000000000,1.0886250000,0.0000000000,26.0259103703,34.1584730048,96219.0593856160
145.9043128490,0.6898125000,0.8621250000,1.0886250000,1.1546250000,0.0000000000,1.0895625000,-0.0001875000,26.0240092324,34.1698994938,96221.8292129795
147.9723331928,0.6901875000,0.8655000000,1.0901250000,1.1550000000,0.0001875000,1.0905000000,0.0000000000,26.0189395316,34.1756666084,96222.0728748878
150.0552008152,0.6907500000,0.8701875000,1.0914375000,1.1546250000,0.0000000000,1.0910625000,0.0000000000,26.0113349809,34.1757641651,96223.6620518432
152.1688263416,0.6909375000,0.8726250000,1.0925625000,1.1540625000,0.0000000000,1.0914375000,-0.0001875000,26.0068989933,34.1815233286,96222.2903074464
154.2996356487,0.6915000000,0.8746875000,1.0940625000,1.1544375000,0.0000000000,1.0923750000,0.0000000000,25.9948584566,34.0049787284,96223.1598039642
156.4230189323,0.6916875000,0.8763750000,1.0955625000,1.1540625000,0.0000000000,1.0927500000,-0.0001875000,25.9923236070,34.2045152622,96221.4057958558
158.5725369453,0.6918750000,0.8773125000,1.0966875000,1.1540625000,0.0001875000,1.0931250000,-0.0001875000,25.9872539080,34.2159812826,96220.2851778888
160.9205968380,0.6916875000,0.8786250000,1.0978125000,1.1525625000,0.0000000000,1.0936875000,-0.0001875000,25.9802830723,34.2217701638,96220.2589134810
163.0966577530,0.6918750000,0.8797500000,1.0989375000,1.1512500000,0.0000000000,1.0940625000,0.0000000000,25.9720448127,34.0907860363,96219.6517191480
165.2980108261,0.6922500000,0.8803125000,1.0998750000,1.1484375000,0.0000000000,1.0948125000,0.0000000000,25.9707773882,34.2389935761,96221.8591195523
167.4993877411,0.6924375000,0.8816250000,1.1011875000,1.1443125000,0.0000000000,1.0955625000,-0.0001875000,25.9606379929,34.2733219024,96221.6640983756
169.7187511921,0.6926250000,0.8823750000,1.1019375000,1.1210625000,0.0000000000,1.0963125000,0.0000000000,25.9536671594,34.2620140386,96220.9256958577
171.9371011257,0.6928125000,0.8829375000,1.1032500000,1.0991250000,0.0000000000,1.0966875000,-0.0001875000,25.9517660230,34.2677360467,96223.3840999871
174.1344671249,0.6931875000,0.8835000000,1.1041875000,1.1313750000,0.0001875000,1.0972500000,0.0000000000,25.9479637505,34.2677864943,96223.1254273424
176.4007260799,0.6931875000,0.8838750000,1.1049375000,1.1186250000,0.0001875000,1.0974375000,0.0000000000,25.9384580699,34.2850073399,96223.3612829826
178.6307816505,0.6937500000,0.8846250000,1.1060625000,1.1056875000,0.0000000000,1.0985625000,0.0000000000,25.9314872381,34.2509012091,96223.3348548775
180.9329276085,0.6943125000,0.8851875000,1.1070000000,1.1610000000,0.0001875000,1.0995000000,0.0000000000,25.9226152711,34.3194040088,96221.6144938954
183.2749726772,0.6948750000,0.8857500000,1.1079375000,1.1587500000,0.0000000000,1.1006250000,0.0000000000,25.9137433050,34.3480098120,96221.9702099197
185.6161043644,0.6952500000,0.8855625000,1.1086875000,1.1392500000,0.0000000000,1.1015625000,0.0000000000,25.9099410341,34.3594567036,96221.7115024573
187.9572446346,0.6954375000,0.8857500000,1.1092500000,1.1653125000,0.0000000000,1.1021250000,-0.0001875000,25.9093073223,34.3651627203,96225.0316465046
190.3160283566,0.6952500000,0.8868750000,1.1098125000,1.1641875000,0.0000000000,1.1028750000,0.0000000000,25.8985342224,34.3596004853,96218.9493101746
192.6801295280,0.6956250000,0.8887500000,1.1105625000,1.1602500000,0.0000000000,1.1038125000,0.0000000000,25.8921971054,34.3824731818,96224.4687949775
195.0660929680,0.6960000000,0.8900625000,1.1115000000,1.1499375000,0.0000000000,1.1043750000,0.0000000000,25.8864937005,34.3483575237,96222.5461818690
197.4142873287,0.6960000000,0.8910000000,1.1122500000,1.1199375000,0.0000000000,1.1049375000,-0.0001875000,25.8801565844,34.3655316098,96223.2915741305
199.7636852264,0.6963750000,0.8913750000,1.1130000000,1.1160000000,0.0001875000,1.1053125000,0.0000000000,25.8750868918,34.3655959453,96222.1709121089
202.1585841179,0.6961875000,0.8908125000,1.1137500000,1.1148750000,0.0000000000,1.1055000000,-0.0001875000,25.8617789502,34.3771600774,96223.2006542523
204.6414520741,0.6963750000,0.8913750000,1.1146875000,1.0912500000,0.0000000000,1.1062500000,-0.0001875000,25.8573429701,34.1549918273,96225.5797749977
207.1594917774,0.6965625000,0.8911875000,1.1156250000,1.2142500000,0.0000000000,1.1070000000,0.0000000000,25.8554418358,34.3886372372,96223.5749806161
209.7020368576,0.6965625000,0.8900625000,1.1161875000,1.2163125000,0.0000000000,1.1077500000,0.0000000000,25.8510058560,34.4000869830,96223.9381778255
212.2667894363,0.6965625000,0.8896875000,1.1171250000,1.2178125000,0.0000000000,1.1083125000,0.0000000000,25.8453024538,34.4400443695,96223.0385258720
214.7783117294,0.6965625000,0.8891250000,1.1176875000,1.2191250000,0.0001875000,1.1085000000,0.0000000000,25.8408664745,34.4116100216,96225.1065714439
217.2587625980,0.6967500000,0.8891250000,1.1184375000,1.2208125000,0.0000000000,1.1092500000,-0.0001875000,25.8319945166,34.4288152761,96223.0451379098
219.7471354008,0.6969375000,0.8893125000,1.1193750000,1.2221250000,0.0000000000,1.1094375000,0.0000000000,25.8262911156,34.4288861314,96222.8573967454
222.2623653412,0.6969375000,0.8889375000,1.1203125000,1.2230625000,0.0000000000,1.1096250000,-0.0001875000,25.8256574044,34.3719189469,96226.8590156428
224.7662022114,0.6969375000,0.8891250000,1.1212500000,1.2241875000,0.0000000000,1.1096250000,-0.0001875000,25.8205877150,34.4403516336,96227.1021617774
227.3248822689,0.6969375000,0.8889375000,1.1218125000,1.2253125000,0.0000000000,1.1096250000,-0.0001875000,25.8123494703,34.4461512124,96224.8196940923
229.8759386539,0.6969375000,0.8887500000,1.1223750000,1.2266250000,0.0000000000,1.1103750000,-0.0001875000,25.8047449373,34.4177604828,96224.3319988661
232.4496967793,0.6971250000,0.8885625000,1.1229375000,1.2277500000,0.0001875000,1.1111250000,-0.0001875000,25.7946055611,34.3723111538,96220.0449365458
234.9898478985,0.6971250000,0.8887500000,1.1235000000,1.2290625000,0.0000000000,1.1118750000,-0.0001875000,25.7946055611,34.4691605343,96223.7953705633
237.5875082016,0.6973125000,0.8887500000,1.1242500000,1.2303750000,0.0000000000,1.1124375000,0.0000000000,25.7857336079,34.4692719847,96223.0977163044
240.1796865463,0.6971250000,0.8889375000,1.1246250000,1.2315000000,0.0000000000,1.1126250000,0.0000000000,25.7838324752,34.4749905867,96221.1230909438
242.8855996132,0.6973125000,0.8891250000,1.1253750000,1.2328125000,0.0000000000,1.1135625000,0.0000000000,25.7781290773,34.4807574748,96225.0265510962
245.6378352642,0.6975000000,0.8895000000,1.1259375000,1.2339375000,0.0000000000,1.1141250000,-0.0001875000,25.7736931014,34.5092962247,96228.4280113639
248.3901834488,0.6976875000,0.8898750000,1.1265000000,1.2354375000,0.0000000000,1.1145000000,0.0000000000,25.7686234150,34.4922690509,96227.3072799055
251.1826794147,0.6976875000,0.8902500000,1.1270625000,1.2365625000,0.0000000000,1.1148750000,0.0000000000,25.7730593906,34.4751236560,96225.6105351885
253.9454588890,0.6975000000,0.8904375000,1.1272500000,1.2373125000,0.0000000000,1.1148750000,-0.0001875000,25.7597514643,34.5094692830,96227.6323018784
256.7438209057,0.6978750000,0.8917500000,1.1278125000,1.2386250000,0.0000000000,1.1154375000,0.0000000000,25.7508795146,34.3671664960,96224.9189463320
259.5354008675,0.6978750000,0.8928750000,1.1285625000,1.2399375000,0.0000000000,1.1158125000,0.0000000000,25.7489783827,34.5152977158,96221.2097874262
262.3713963032,0.6978750000,0.8934375000,1.1289375000,1.2408750000,0.0000000000,1.1160000000,-0.0001875000,25.7439086976,34.5267525222,96219.7481882634
265.1751911640,0.6976875000,0.8940000000,1.1295000000,1.2418125000,0.0000000000,1.1163750000,0.0000000000,25.7356704600,34.5268530713,96224.2841814582
267.9527709484,0.6976875000,0.8943750000,1.1304375000,1.2431250000,0.0000000000,1.1165625000,0.0000000000,25.7331356179,34.5382762954,96232.7581027439
270.6929314137,0.6980625000,0.8947500000,1.1311875000,1.2438750000,0.0000000000,1.1165625000,0.0000000000,25.7242636708,34.5383837640,96230.3856050823
273.4897398949,0.6978750000,0.8949375000,1.1321250000,1.2448125000,0.0000000000,1.1167500000,-0.0001875000,25.7147580143,34.5498923517,96227.2113560933
276.2420973778,0.6978750000,0.8951250000,1.1326875000,1.2455625000,0.0000000000,1.1165625000,0.0000000000,25.7160254351,34.5555714803,96225.3758707942
279.0201232433,0.6978750000,0.8947500000,1.1332500000,1.2461250000,0.0000000000,1.1165625000,0.0000000000,25.7134905935,34.6353422224,96230.0995449149
281.8157222271,0.6978750000,0.8949375000,1.1340000000,1.2472500000,0.0000000000,1.1167500000,0.0000000000,25.7020838071,34.5728295997,96224.5799798359
284.6480689049,0.6980625000,0.8951250000,1.1341875000,1.2478125000,0.0000000000,1.1171250000,0.0000000000,25.6995489659,34.5785559782,96228.6217412695
287.4788355827,0.6980625000,0.8953125000,1.1345625000,1.2485625000,0.0001875000,1.1173125000,0.0000000000,25.6932118632,34.5900226835,96240.9568307129
290.3279097080,0.6978750000,0.8955000000,1.1345625000,1.2491250000,0.0000000000,1.1173125000,0.0000000000,25.6881421813,34.5957794989,96246.6538397263
293.1929209232,0.6978750000,0.8953125000,1.1349375000,1.2498750000,0.0000000000,1.1173125000,0.0000000000,25.6875084711,34.5900912052,96248.2683043852
296.0555446148,0.6978750000,0.8955000000,1.1353125000,1.2504375000,0.0000000000,1.1173125000,0.0000000000,25.6786365287,34.6015903784,96247.5700354295
298.9236233234,0.6976875000,0.8956875000,1.1358750000,1.2510000000,0.0001875000,1.1171250000,0.0000000000,25.6729331376,34.5447065166,96248.7453166993
301.8194489479,0.6976875000,0.8953125000,1.1364375000,1.2513750000,0.0000000000,1.1167500000,0.0000000000,25.6697645871,34.6244768824,96247.9244066283
304.7465958595,0.6973125000,0.8951250000,1.1368125000,1.2517500000,0.0000000000,1.1160000000,-0.0001875000,25.6602589364,34.4936049351,96248.1587298509
307.6765098572,0.6975000000,0.8951250000,1.1373750000,1.2526875000,0.0000000000,1.1160000000,-0.0001875000,25.6583578064,34.5961404246,96232.5192495228
310.6238124371,0.6975000000,0.8951250000,1.1381250000,1.2534375000,0.0000000000,1.1160000000,0.0000000000,25.6513869967,34.6531715553,96230.7876114473
313.5780863762,0.6975000000,0.8953125000,1.1385000000,1.2541875000,0.0000000000,1.1158125000,0.0000000000,25.6494858669,34.5165172075,96230.4876449337
316.5540328026,0.6973125000,0.8953125000,1.1390625000,1.2547500000,0.0001875000,1.1156250000,0.0000000000,25.6406139282,34.6476074668,96232.5164695128
319.5564663410,0.6975000000,0.8953125000,1.1398125000,1.2551250000,0.0000000000,1.1156250000,0.0000000000,25.6412476381,34.6532928201,96231.9547254316
322.6133325100,0.6976875000,0.8953125000,1.1403750000,1.2555000000,0.0000000000,1.1154375000,0.0000000000,25.6336431199,34.6590783247,96229.7622430055
325.6275844574,0.6978750000,0.8955000000,1.1413125000,1.2558750000,0.0001875000,1.1156250000,0.0000000000,25.6247711829,34.6648798805,96234.1769785679
328.6760623455,0.6976875000,0.8955000000,1.1416875000,1.2560625000,0.0001875000,1.1154375000,-0.0001875000,25.6247711829,34.6705743301,96233.4952618353
331.7345380783,0.6978750000,0.8958750000,1.1422500000,1.2566250000,0.0001875000,1.1152500000,-0.0001875000,25.6178003758,34.6421837140,96234.4904503227
334.8159570694,0.6982500000,0.8964375000,1.1431875000,1.2571875000,0.0000000000,1.1154375000,-0.0001875000,25.6082947307,34.6764636282,96233.3613602005
337.9063057899,0.6982500000,0.8966250000,1.1441250000,1.2577500000,0.0000000000,1.1154375000,0.0000000000,25.6038587634,34.6935994281,96234.3756246125
341.0488893986,0.6984375000,0.8970000000,1.1448750000,1.2583125000,0.0000000000,1.1152500000,0.0000000000,25.5994227962,34.9327935340,96234.0564869320
344.1759552956,0.6982500000,0.8968125000,1.1454375000,1.2588750000,0.0000000000,1.1146875000,0.0000000000,25.6000565058,34.6936433398,96235.5098657483
347.3159997463,0.6984375000,0.8971875000,1.1461875000,1.2590625000,0.0001875000,1.1148750000,-0.0001875000,25.5899171531,34.6994574502,96233.6090456537
350.4908077717,0.6984375000,0.8975625000,1.1465625000,1.2594375000,0.0001875000,1.1150625000,0.0000000000,25.5867486056,34.7108821822,96233.4698933102
353.6458489895,0.6984375000,0.8975625000,1.1467500000,1.2596250000,0.0001875000,1.1152500000,-0.0001875000,25.5791440921,34.7223595465,96233.6632519660
356.8592922688,0.6982500000,0.8975625000,1.1469375000,1.2594375000,0.0000000000,1.1150625000,-0.0001875000,25.5721732887,34.8078465137,96231.2199426021
360.0812740326,0.6982500000,0.8979375000,1.1473125000,1.2596250000,0.0000000000,1.1154375000,-0.0001875000,25.5702721606,34.8249496307,96230.5791218065
363.2394385338,0.6984375000,0.8983125000,1.1475000000,1.2598125000,0.0000000000,1.1154375000,0.0000000000,25.5614002299,34.7339555917,96230.9332877758
366.4205443859,0.6984375000,0.8985000000,1.1476875000,1.2601875000,0.0001875000,1.1154375000,0.0000000000,25.5601328113,34.7396651375,96232.0865856220
369.6222851276,0.6986250000,0.8985000000,1.1476875000,1.2601875000,0.0001875000,1.1152500000,0.0000000000,25.5531620093,34.7511320290,96230.0141338183
372.8498504162,0.6988125000,0.8988750000,1.1478750000,1.2603750000,0.0001875000,1.1154375000,-0.0001875000,25.5537957186,34.7511251815,96232.8306930278
376.0879905224,0.6988125000,0.8990625000,1.1478750000,1.2601875000,0.0000000000,1.1156250000,-0.0001875000,25.5379529888,34.7570032177,96232.1047404217
379.3221397400,0.6988125000,0.8994375000,1.1476875000,1.2600000000,0.0000000000,1.1156250000,0.0000000000,25.5398541162,34.7569804290,96233.0863714328
382.6226761341,0.6986250000,0.8990625000,1.1476875000,1.2598125000,0.0000000000,1.1152500000,0.0000000000,25.5290810614,34.7855733245,96233.1103679194
385.8866112232,0.6991875000,0.8996250000,1.1482500000,1.2600000000,0.0001875000,1.1156250000,0.0000000000,25.5278136432,34.6318719004,96235.3160061427
389.1548483372,0.6991875000,0.8996250000,1.1482500000,1.2600000000,0.0000000000,1.1156250000,0.0000000000,25.5195754258,34.7799891370,96226.8990961046
392.4386682510,0.6991875000,0.8996250000,1.1482500000,1.2601875000,0.0000000000,1.1160000000,0.0000000000,25.5164068809,34.7857182951,96233.2351047991
395.7991349697,0.6990000000,0.8992500000,1.1480625000,1.2603750000,0.0001875000,1.1161875000,0.0000000000,25.5107035002,34.7914790260,96232.6758574429
399.1201007366,0.6990000000,0.8994375000,1.1480625000,1.2609375000,0.0000000000,1.1167500000,-0.0001875000,25.5037327022,34.7972508782,96231.9665992147
402.4537086487,0.6990000000,0.8994375000,1.1482500000,1.2613125000,0.0000000000,1.1173125000,0.0000000000,25.5030989933,34.7972599130,96232.1873860889
405.8061749935,0.6990000000,0.8992500000,1.1480625000,1.2616875000,0.0000000000,1.1178750000,0.0000000000,25.5005641578,34.8656004378,96234.8644904461
409.1640796661,0.6990000000,0.8992500000,1.1482500000,1.2620625000,0.0000000000,1.1182500000,0.0000000000,25.4948607782,34.8201250136,96231.6088984230
412.5506184101,0.6991875000,0.8994375000,1.1482500000,1.2618750000,0.0000000000,1.1186250000,-0.0001875000,25.4929596517,34.8144549700,96234.7167573558
415.9983749390,0.6991875000,0.8994375000,1.1482500000,1.2616875000,0.0000000000,1.1190000000,0.0000000000,25.4878899814,34.7803585236,96233.5959030387
419.4276065826,0.6988125000,0.8990625000,1.1480625000,1.2609375000,0.0000000000,1.1190000000,0.0000000000,25.4809191851,34.8316693030,96233.9089418219
422.8700625896,0.6988125000,0.8992500000,1.1482500000,1.2609375000,0.0000000000,1.1197500000,0.0000000000,25.4726809721,34.8317634540,96231.2857196962
426.3129556179,0.6990000000,0.8992500000,1.1482500000,1.2603750000,0.0000000000,1.1205000000,0.0000000000,25.4739483894,34.8374422592,96234.8735072417
429.7645454407,0.6988125000,0.8992500000,1.1482500000,1.2588750000,0.0000000000,1.1208750000,0.0000000000,25.4676113029,34.7862839911,96233.9134021811
433.2725229263,0.6984375000,0.8988750000,1.1482500000,1.2566250000,0.0000000000,1.1206875000,0.0000000000,25.4644427598,34.6952458181,96234.0848924668
436.7867329121,0.6986250000,0.8990625000,1.1482500000,1.2609375000,0.0000000000,1.1212500000,0.0000000000,25.4562045483,34.8888737630,96235.8916652463
440.2999792099,0.6986250000,0.8992500000,1.1482500000,1.2615000000,0.0000000000,1.1218125000,0.0000000000,25.4524022971,34.9344506674,96231.5731612444
443.8598752022,0.6986250000,0.8990625000,1.1476875000,1.2622500000,0.0001875000,1.1223750000,0.0000000000,25.4473326291,34.9572746556,96233.8599534010
447.4019477367,0.6986250000,0.8990625000,1.1476875000,1.2626250000,0.0001875000,1.1229375000,0.0000000000,25.4460652121,34.8662216249,96235.6945019569
450.9697685242,0.6986250000,0.8990625000,1.1473125000,1.2630000000,0.0000000000,1.1235000000,0.0000000000,25.4435303783,34.8776341483,96234.6229220696
454.5405993462,0.6986250000,0.8990625000,1.1471250000,1.2633750000,0.0001875000,1.1238750000,0.0000000000,25.4359258771,34.8834123779,96235.1565468832
458.1594023705,0.6984375000,0.8986875000,1.1467500000,1.2633750000,0.0000000000,1.1240625000,-0.0001875000,25.4257865433,34.8152259651,96231.9225598187
461.7501435280,0.6988125000,0.8988750000,1.1469375000,1.2639375000,0.0001875000,1.1246250000,0.0000000000,25.4276876683,34.8948885891,96234.2371101587
465.3678934574,0.6991875000,0.8988750000,1.1469375000,1.2643125000,0.0000000000,1.1250000000,0.0000000000,25.4213505851,34.8949593171,96231.9139699855
469.0265579224,0.6991875000,0.8988750000,1.1471250000,1.2648750000,0.0001875000,1.1251875000,0.0000000000,25.4207168768,34.8949659470,96233.8684512117
472.7009782791,0.6990000000,0.8985000000,1.1467500000,1.2652500000,0.0000000000,1.1255625000,-0.0001875000,25.4181820436,34.9063775466,96233.4783912846
476.3605682850,0.6991875000,0.8985000000,1.1467500000,1.2660000000,0.0000000000,1.1261250000,0.0000000000,25.4118449611,34.7470889541,96235.5549391609
480.0407066345,0.6991875000,0.8983125000,1.1467500000,1.2663750000,0.0000000000,1.1259375000,0.0000000000,25.4080427118,34.9178747498,96235.3255787632
483.7429966927,0.6991875000,0.8981250000,1.1467500000,1.2663750000,0.0000000000,1.1255625000,-0.0001875000,25.4048741709,34.9236033618,96237.2006699631
487.4402968884,0.6993750000,0.8985000000,1.1471250000,1.2667500000,0.0000000000,1.1255625000,-0.0001875000,25.3966359649,34.8895486919,96233.5552618152
491.1543631554,0.6995625000,0.8986875000,1.1475000000,1.2671250000,0.0000000000,1.1257500000,0.0000000000,25.3947348406,34.9350975316,96234.6481546456
494.8593757153,0.6995625000,0.8985000000,1.1480625000,1.2675000000,0.0001875000,1.1257500000,-0.0001875000,25.3928337163,34.9408104868,96238.0961739979
498.5750317574,0.6997500000,0.8986875000,1.1482500000,1.2675000000,0.0001875000,1.1255625000,-0.0001875000,25.3820606794,34.9580034822,96235.0828913186
502.3107860088,0.7001250000,0.8994375000,1.1484375000,1.2669375000,0.0000000000,1.1255625000,-0.0001875000,25.3795258473,34.9466500997,96233.3299037767
506.0680296421,0.7006875000,0.9000000000,1.1482500000,1.2663750000,0.0001875000,1.1261250000,0.0000000000,25.3788921393,34.9523496897,96232.1877019879
509.8332242966,0.7006875000,0.9001875000,1.1480625000,1.2660000000,0.0000000000,1.1261250000,0.0000000000,25.3731887676,34.9581037269,96240.5170836007
513.6428763866,0.7006875000,0.9005625000,1.1480625000,1.2660000000,0.0001875000,1.1270625000,0.0000000000,25.3706539358,34.9581320511,96239.7862551503
517.4614672661,0.7008750000,0.9009375000,1.1480625000,1.2663750000,0.0000000000,1.1276250000,0.0000000000,25.3636831488,34.9638989380,96237.3731018955
521.2908194065,0.7006875000,0.9007500000,1.1480625000,1.2663750000,0.0001875000,1.1276250000,0.0000000000,25.3586134859,34.9696460682,96234.8893300972
525.0880863667,0.7006875000,0.9009375000,1.1484375000,1.2665625000,0.0000000000,1.1274375000,0.0000000000,25.3598809016,34.9753236046,96237.1136698388
528.9410932064,0.7006875000,0.9011250000,1.1484375000,1.2667500000,0.0000000000,1.1272500000,0.0000000000,25.3548112389,34.9810705288,96236.3334760196
532.7739071846,0.7006875000,0.9011250000,1.1484375000,1.2671250000,0.0000000000,1.1270625000,-0.0001875000,25.3478404531,34.9811485491,96234.2310821040
536.6326143742,0.7006875000,0.9009375000,1.1480625000,1.2676875000,0.0001875000,1.1270625000,0.0000000000,25.3478404531,34.9413154829,96236.9567613432
540.5491518974,0.7006875000,0.9015000000,1.1478750000,1.2680625000,0.0000000000,1.1272500000,-0.0001875000,25.3415033757,34.9925985157,96233.9522739896
544.4402203560,0.7006875000,0.9015000000,1.1476875000,1.2680625000,0.0000000000,1.1272500000,0.0000000000,25.3389685448,34.9869363351,96230.4958385011
548.3718795776,0.7005000000,0.9011250000,1.1473125000,1.2680625000,0.0000000000,1.1272500000,0.0000000000,25.3281955145,35.1293060325,96232.9338995246
552.3175835609,0.7005000000,0.9015000000,1.1478750000,1.2688125000,0.0001875000,1.1278125000,0.0000000000,25.3243932688,35.0041688246,96238.8070066138
556.2662518024,0.7005000000,0.9016875000,1.1482500000,1.2688125000,0.0001875000,1.1278125000,0.0000000000,25.3294629297,34.9415207474,96235.4988420589
560.2336323261,0.7001250000,0.9013125000,1.1482500000,1.2686250000,0.0001875000,1.1272500000,0.0000000000,25.3231258536,35.0098718042,96237.2641644217
564.2314457893,0.7005000000,0.9016875000,1.1488125000,1.2684375000,0.0000000000,1.1268750000,0.0000000000,25.3186899005,35.0156112923,96248.8389821960
568.2593283653,0.7005000000,0.9015000000,1.1493750000,1.2682500000,0.0000000000,1.1266875000,0.0000000000,25.3136202402,34.8847966881,96235.1123612391
572.5540726185,0.6999375000,0.9015000000,1.1495625000,1.2680625000,0.0000000000,1.1255625000,-0.0001875000,25.3085505801,35.0214129030,96231.9473269359
576.5949721336,0.6999375000,0.9016875000,1.1503125000,1.2680625000,0.0000000000,1.1255625000,0.0000000000,25.3053820428,35.0214472449,96229.7637748130
580.6582558155,0.6999375000,0.9018750000,1.1506875000,1.2676875000,0.0000000000,1.1255625000,-0.0001875000,25.3003123832,35.0385722018,96236.8193351930
584.7132816315,0.6997500000,0.9020625000,1.1508750000,1.2671250000,0.0001875000,1.1253750000,0.0000000000,25.3022135055,35.0613096640,96234.3939434743
588.8267226219,0.6995625000,0.9020625000,1.1506875000,1.2673125000,0.0000000000,1.1255625000,-0.0001875000,25.2914404796,35.0329788155,96232.4028080146
592.8947374821,0.6995625000,0.9024375000,1.1506875000,1.2671250000,0.0000000000,1.1257500000,0.0000000000,25.2920741870,35.0159035203,96236.9216718125
596.9576160908,0.6995625000,0.9022500000,1.1506875000,1.2671250000,0.0001875000,1.1259375000,0.0000000000,25.2882719429,35.0273256309,96234.2774151806
601.0547945499,0.6993750000,0.9020625000,1.1508750000,1.2673125000,0.0000000000,1.1259375000,0.0000000000,25.2838359916,35.0558202204,96232.5951966617
604.9837188721,0.6993750000,0.9022500000,1.1512500000,1.2676875000,0.0000000000,1.1265000000,0.0000000000,25.2800337478,35.0558628103,96235.0610901290
608.9101495743,0.6993750000,0.9024375000,1.1514375000,1.2682500000,0.0000000000,1.1268750000,0.0000000000,25.2705281390,35.0616542958,96234.3019858936
612.8643922806,0.6991875000,0.9020625000,1.1512500000,1.2688125000,0.0001875000,1.1272500000,0.0000000000,25.2679933102,35.0730604299,96231.8678635521
616.9573295116,0.6991875000,0.9020625000,1.1510625000,1.2691875000,0.0001875000,1.1274375000,-0.0001875000,25.2648247743,35.0674072831,96231.6983824344
621.3775563240,0.6991875000,0.9024375000,1.1510625000,1.2691875000,0.0001875000,1.1281875000,-0.0001875000,25.2648247743,35.0730964839,96238.8523545742
625.7650802135,0.6990000000,0.9026250000,1.1505000000,1.2686250000,0.0000000000,1.1287500000,0.0000000000,25.2629236528,35.0788047385,96237.5602624731
630.0473806858,0.6991875000,0.9028125000,1.1495625000,1.2682500000,0.0000000000,1.1296875000,-0.0001875000,25.2521506317,35.2325215052,96234.5470517656
634.2916829586,0.6990000000,0.9026250000,1.1491875000,1.2678750000,0.0001875000,1.1300625000,0.0000000000,25.2508832176,35.0846250351,96232.6336934619
638.5675165653,0.6988125000,0.9026250000,1.1490000000,1.2673125000,0.0000000000,1.1296875000,0.0000000000,25.2470809752,34.9822625211,96238.5359780313
642.8494021893,0.6988125000,0.9024375000,1.1497500000,1.2671250000,0.0000000000,1.1295000000,-0.0001875000,25.2470809752,35.0846652105,96235.4700735449
647.1477472782,0.6986250000,0.9026250000,1.1499375000,1.2665625000,0.0000000000,1.1293125000,-0.0001875000,25.2432787330,35.0903963934,96236.2324817206
651.4961326122,0.6986250000,0.9028125000,1.1499375000,1.2660000000,0.0000000000,1.1291250000,0.0000000000,25.2363079560,35.0961611995,96232.0862478318
655.8140664101,0.6986250000,0.9031875000,1.1501250000,1.2661875000,0.0000000000,1.1293125000,0.0000000000,25.2356742491,35.0847899310,96234.0401160860
660.1291563511,0.6986250000,0.9030000000,1.1503125000,1.2661875000,0.0000000000,1.1289375000,-0.0001875000,25.2255349382,35.1076544430,96229.7544342864
664.4874501228,0.6984375000,0.9028125000,1.1505000000,1.2661875000,0.0000000000,1.1285625000,0.0000000000,25.2274360589,35.1076334151,96237.2080758608
668.8774721622,0.6984375000,0.9030000000,1.1508750000,1.2663750000,0.0000000000,1.1283750000,0.0000000000,25.2236338176,35.1190505817,96235.6159270601
673.3232150078,0.6978750000,0.9406875000,1.1538750000,-0.0061875000,0.0000000000,1.1278125000,0.0000000000,25.2204652832,35.1190862387,96234.0838135584
677.8238685131,0.7134375000,1.0190625000,1.1583750000,1.3006875000,0.0001875000,1.1266875000,0.0000000000,25.2153956285,34.9996803711,96236.3692839398
682.2533903122,0.6853125000,0.8760000000,1.1465625000,1.2935625000,0.0001875000,1.1315625000,0.0000000000,25.2046226132,35.1249444234,96235.0592821246
686.6617097855,0.7171875000,0.8655000000,1.1448750000,1.2905625000,0.0000000000,1.1310000000,0.0000000000,25.2039889065,35.1306390367,96233.2660842236
691.1381406784,0.6948750000,0.8559375000,1.1512500000,1.2781875000,0.0000000000,1.1293125000,0.0000000000,25.1976518394,35.1307080346,96232.9569811196
695.5833194256,0.6729375000,0.8945625000,1.1482500000,1.2727500000,0.0000000000,1.1274375000,-0.0001875000,25.1925821860,35.1421366427,96232.2067046606
700.0485649109,0.6624375000,0.8988750000,1.1456250000,1.2556875000,0.0000000000,1.1250000000,0.0000000000,25.1868788262,35.1478872782,96232.3282455474
704.4737985134,0.6594375000,0.8964375000,1.1445000000,1.2511875000,0.0000000000,1.1225625000,0.0000000000,25.1894136527,35.1023550025,96234.4215155630
708.9481446743,0.6648750000,0.8966250000,1.1418750000,1.2425625000,0.0001875000,1.1201250000,-0.0001875000,25.1780069341,35.1536689298,96236.4276426909
713.4330976009,0.6566250000,0.8970000000,1.1351250000,1.2361875000,0.0000000000,1.1173125000,0.0000000000,25.1818091735,35.1536294237,96232.2291958166
717.9459681511,0.6819375000,0.8986875000,1.1285625000,1.2211875000,0.0001875000,1.1146875000,0.0000000000,25.1773732275,35.2162420627,96233.2720382225
722.4396793842,0.6768750000,0.9116250000,1.1221875000,1.2157500000,0.0001875000,1.1120625000,0.0000000000,25.1767395210,35.1707472656,96233.4926089238
726.9845926762,0.6354375000,0.9166875000,1.1154375000,1.2076875000,-0.0001875000,1.1092500000,0.0000000000,25.1640653910,35.2106938606,96230.5500213222
731.5397317410,0.6575625000,0.9161250000,1.1145000000,1.2022500000,0.0001875000,1.1071875000,0.0000000000,25.1646990975,35.1765613589,96233.3649466881
736.1216108799,0.6791250000,0.9101250000,1.1130000000,1.1913750000,0.0000000000,1.1047500000,-0.0001875000,25.1621642717,35.1765882435,96231.6123477906
740.7306151390,0.6877500000,0.9016875000,1.1098125000,1.1825625000,0.0000000000,1.1023125000,0.0000000000,25.1627979782,35.2448340852,96232.0429934028
745.4168829918,0.6920625000,0.9000000000,1.1079375000,1.1797500000,0.0000000000,1.1000625000,-0.0001875000,25.1608968588,35.2562296247,96233.4459217448
750.2622878551,0.6915000000,0.9018750000,1.1045625000,1.1746875000,0.0000000000,1.0980000000,0.0000000000,25.1570946204,35.1993925493,96240.0284490838
755.1292760372,0.6909375000,0.9061875000,1.1013750000,1.1685000000,0.0000000000,1.0955625000,0.0000000000,25.1539260884,35.1254861646,96235.8015493111
759.9813165665,0.6877500000,0.9015000000,1.0980000000,1.1619375000,0.0001875000,1.0938750000,0.0000000000,25.1488564375,35.1994789549,96233.6587918178
764.8397128582,0.6838125000,0.8994375000,1.0959375000,1.1540625000,0.0000000000,1.0920000000,0.0000000000,25.1418856680,35.1995529956,96232.9189327361
769.7294244766,0.6830625000,0.8996250000,1.0936875000,1.1510625000,0.0001875000,1.0906875000,-0.0001875000,25.1355486053,35.1996187930,96231.9585257934
774.5954349041,0.6834375000,0.9174375000,1.0931250000,1.1488125000,0.0000000000,1.0890000000,-0.0001875000,25.1355486053,35.2053061318,96234.6832930593
779.5308663845,0.6821250000,0.9048750000,1.0918125000,1.1446875000,0.0000000000,1.0871250000,0.0000000000,25.1355486053,35.2166807810,96231.9585257934
784.4515957832,0.6800625000,0.9026250000,1.0899375000,1.1401875000,0.0001875000,1.0856250000,-0.0001875000,25.1273104245,35.2224560544,96231.3491671081
789.4394383430,0.6787500000,0.9103125000,1.0871250000,1.1377500000,0.0000000000,1.0837500000,-0.0001875000,25.1228744813,35.2225010478,96232.0512438153
794.3925218582,0.6778125000,0.8979375000,1.0845000000,1.1351250000,0.0001875000,1.0824375000,0.0000000000,25.1178048322,35.2282412870,96230.2491466460
799.4099929333,0.6768750000,0.8990625000,1.0822500000,1.1325000000,0.0000000000,1.0811250000,0.0000000000,25.1197059506,35.2282229074,96234.9468951773
804.4377102852,0.6746250000,0.9003750000,1.0796250000,1.1285625000,0.0000000000,1.0796250000,0.0000000000,25.1178048322,35.2282412870,96233.3144228319
809.4306185246,0.6727500000,0.8902500000,1.0785000000,1.1259375000,0.0001875000,1.0790625000,-0.0001875000,25.1152700078,35.2339548659,96231.2213214872
814.5181388855,0.6712500000,0.8707500000,1.0777500000,1.1233125000,0.0000000000,1.0783125000,0.0000000000,25.1102003591,35.3022507662,96231.8033120043
819.5153775215,0.6703125000,0.8750625000,1.0773750000,1.1208750000,0.0001875000,1.0775625000,0.0000000000,25.1057644168,35.3193573091,96232.1347444336
824.5067348480,0.6682500000,0.8715000000,1.0758750000,1.1182500000,0.0000000000,1.0766250000,0.0000000000,25.1032295927,35.1885859882,96234.4691956517
829.5378515720,0.6673125000,0.8641875000,1.0741875000,1.1150625000,0.0001875000,1.0755000000,-0.0001875000,25.0962588268,35.2455282058,96232.3669543229
834.5897557735,0.6667500000,0.8874375000,1.0732500000,1.1124375000,0.0000000000,1.0749375000,0.0000000000,25.0892880615,35.2512860236,96231.9976090243
839.6206378937,0.6661875000,0.8775000000,1.0725000000,1.1100000000,0.0000000000,1.0743750000,0.0000000000,25.0880206496,35.2569868795,96231.4469404150
844.7012801170,0.6645000000,0.8782500000,1.0721250000,1.1083125000,0.0000000000,1.0736250000,0.0000000000,25.0886543555,35.2626674421,96234.2615471989
849.7559106350,0.6631875000,0.8716875000,1.0717500000,1.1066250000,0.0000000000,1.0734375000,0.0000000000,25.0829510025,35.2627261579,96235.4345254949
854.8422906399,0.6624375000,0.8694375000,1.0708125000,1.1049375000,0.0000000000,1.0723125000,-0.0001875000,25.0778813557,35.2741517762,96231.9296085106
859.9530439377,0.6607500000,0.8653125000,1.0702500000,1.1038125000,0.0000000000,1.0719375000,0.0000000000,25.0715442976,35.3310799535,96231.9908337381
865.0976963043,0.6596250000,0.8773125000,1.0691250000,1.1025000000,0.0000000000,1.0710000000,0.0000000000,25.0696431803,35.2799229397,96235.0962928133
870.2313270569,0.6594375000,0.8683125000,1.0681875000,1.1011875000,0.0000000000,1.0702500000,0.0000000000,25.0652072400,35.2856556113,96230.6597957964
875.4270627499,0.6588750000,0.8741250000,1.0672500000,1.0995000000,0.0000000000,1.0696875000,0.0000000000,25.0683757687,35.2685623056,96229.4672427555
880.6264569759,0.6571875000,0.8923125000,1.0657500000,1.0976250000,0.0000000000,1.0685625000,0.0000000000,25.0626724170,35.2913680473,96229.2479398826
885.8352653980,0.6570000000,0.8859375000,1.0651875000,1.0961250000,0.0000000000,1.0681875000,0.0000000000,25.0563353600,35.2971185512,96234.0768974092
891.0810275078,0.6570000000,0.8868750000,1.0646250000,1.0944375000,0.0000000000,1.0674375000,0.0000000000,25.0512657148,35.3028568438,96228.8693339187
897.0137605667,0.6571875000,0.8889375000,1.0638750000,1.0931250000,0.0000000000,1.0668750000,0.0000000000,25.0480971866,35.3085749694,96230.0918496924
902.2201209068,0.6577500000,0.8861250000,1.0633125000,1.0920000000,0.0001875000,1.0666875000,0.0000000000,25.0474634810,35.3085809749,96229.3207088785
907.2394881248,0.6568125000,0.8816250000,1.0625625000,1.0908750000,0.0000000000,1.0661250000,-0.0001875000,25.0385916028,35.3200448783,96232.7076561454
912.2600610256,0.6556875000,0.8846250000,1.0621875000,1.0899375000,0.0000000000,1.0661250000,0.0000000000,25.0449286586,35.3142930020,96229.6116146923
917.2984435558,0.6536250000,0.8926875000,1.0614375000,1.0888125000,0.0000000000,1.0657500000,-0.0001875000,25.0373241917,35.2859413228,96231.1653889289
922.3949904442,0.6530625000,0.8908125000,1.0606875000,1.0876875000,0.0001875000,1.0653750000,-0.0001875000,25.0328882531,35.3201027600,96237.2858529044
927.7607886791,0.6564375000,0.8848125000,1.0603125000,1.0869375000,0.0000000000,1.0655625000,0.0000000000,25.0303534311,35.3315002922,96233.8307700456
933.1089684963,0.6564375000,0.8641875000,1.0597500000,1.0860000000,0.0000000000,1.0653750000,0.0000000000,25.0195804384,35.3202384325,96233.8825399240
938.4280567169,0.6549375000,0.8731875000,1.0597500000,1.0854375000,0.0000000000,1.0653750000,-0.0001875000,25.0265511982,35.2917397200,96232.5493675446
943.8000226021,0.6549375000,0.8525625000,1.0597500000,1.0846875000,0.0000000000,1.0650000000,0.0000000000,25.0195804384,35.3429810261,96232.5204053050
949.1254665852,0.6532500000,0.8926875000,1.0597500000,1.0843125000,0.0001875000,1.0650000000,0.0000000000,25.0214815546,35.3429631630,96234.4932257067
954.4853429794,0.6519375000,0.8913750000,1.0593750000,1.0839375000,0.0001875000,1.0650000000,0.0000000000,25.0119759737,35.2634600386,96235.0955959216
959.6632573605,0.6541875000,0.8675625000,1.0590000000,1.0831875000,0.0000000000,1.0644375000,0.0000000000,25.0107085630,35.3544433182,96232.5017721873
964.8132789135,0.6560625000,0.8910000000,1.0588125000,1.0824375000,0.0000000000,1.0642500000,0.0000000000,25.0043715097,35.3545066398,96238.6922810515
970.0108923912,0.6549375000,0.9105000000,1.0584375000,1.0813125000,0.0000000000,1.0633125000,-0.0001875000,25.0005692780,35.3886582389,96236.0487645424
975.2097246647,0.6485625000,0.8985000000,1.0582500000,1.0805625000,0.0000000000,1.0631250000,0.0000000000,25.0005692780,35.3659169227,96234.3461467730
980.3910558224,0.6436875000,0.8908125000,1.0576875000,1.0794375000,0.0000000000,1.0625625000,0.0000000000,24.9993018674,35.3602434243,96235.1876105054
985.6869874001,0.6483750000,0.8926875000,1.0571250000,1.0783125000,0.0000000000,1.0620000000,-0.0001875000,24.9891625837,35.3717165462,96234.3077246472
990.9703748226,0.6466875000,0.8842500000,1.0563750000,1.0771875000,0.0000000000,1.0614375000,0.0000000000,24.9923311097,35.3716850257,96234.7880103180
996.3037908077,0.6425625000,0.8850000000,1.0556250000,1.0762500000,0.0001875000,1.0606875000,-0.0001875000,24.9878951733,35.3717283654,96234.8086513283
1001.6290991306,0.6408750000,0.8827500000,1.0556250000,1.0760625000,0.0000000000,1.0606875000,-0.0001875000,24.9840929423,35.4797835160,96235.9108653594
1006.9475414753,0.6440625000,0.8499375000,1.0552500000,1.0756875000,0.0001875000,1.0603125000,0.0000000000,24.9809244165,35.3035775130,96240.5382697150
1012.2935061455,0.6401250000,0.8821875000,1.0548750000,1.0751250000,0.0000000000,1.0601250000,0.0000000000,24.9790233011,35.3888741130,96239.2165322950
1017.5902545452,0.6491250000,0.8595000000,1.0545000000,1.0745625000,0.0000000000,1.0599375000,-0.0001875000,24.9739536603,35.3889251110,96237.4144932318
1022.9099421501,0.6521250000,0.8760000000,1.0537500000,1.0738125000,0.0001875000,1.0593750000,0.0000000000,24.9707851349,35.3946414166,96238.9772326016
1028.2181246281,0.6506250000,0.8782500000,1.0533750000,1.0732500000,0.0000000000,1.0595625000,0.0000000000,24.9695177248,35.4003400264,96240.8101374044
1033.5461993217,0.6448125000,0.8928750000,1.0531875000,1.0726875000,0.0000000000,1.0591875000,-0.0001875000,24.9638143795,35.2923833907,96236.8750081282
1038.8999538422,0.6330000000,0.8900625000,1.0530000000,1.0725000000,0.0000000000,1.0593750000,0.0000000000,24.9619132645,35.4004162965,96238.6178323423
1044.3821837902,0.6457500000,0.8885625000,1.0530000000,1.0723125000,0.0001875000,1.0591875000,0.0000000000,24.9574773296,35.3663506767,96235.2333880348
1049.9454538822,0.6598125000,0.8876250000,1.0526250000,1.0723125000,0.0000000000,1.0591875000,0.0000000000,24.9530413949,35.3209177324,96243.7364077304
1055.4044868946,0.6637500000,0.8883750000,1.0524375000,1.0721250000,0.0001875000,1.0593750000,0.0000000000,24.9562099196,35.4118424294,96239.1092537158
1060.8662781715,0.6648750000,0.8898750000,1.0518750000,1.0715625000,0.0000000000,1.0590000000,-0.0001875000,24.9486054605,35.4119184652,96240.3219354222
1066.3469569683,0.6688125000,0.8958750000,1.0518750000,1.0717500000,0.0000000000,1.0593750000,-0.0001875000,24.9479717555,35.4176089116,96239.2103853508
1071.7948641777,0.6701250000,0.8878125000,1.0516875000,1.0717500000,0.0000000000,1.0591875000,-0.0001875000,24.9467043458,35.4176205922,96243.1162045203
1077.2500097752,0.6678750000,0.8769375000,1.0520625000,1.0717500000,0.0000000000,1.0593750000,-0.0001875000,24.9397335922,35.4233751487,96236.5875580932
1082.7780230045,0.6675000000,0.8743125000,1.0522500000,1.0719375000,0.0000000000,1.0593750000,0.0000000000,24.9397335922,35.3892680998,96243.7378771629
1088.3082764149,0.6684375000,0.8769375000,1.0522500000,1.0721250000,0.0001875000,1.0591875000,0.0000000000,24.9359313633,35.4802578482,96240.4135166865
1093.8734195232,0.6688125000,0.8765625000,1.0522500000,1.0721250000,0.0001875000,1.0590000000,-0.0001875000,24.9302280201,35.2756738756,96241.2453300949
1099.4367733002,0.6676875000,0.8681250000,1.0522500000,1.0721250000,0.0000000000,1.0588125000,0.0000000000,24.9314954297,35.4291411406,96242.8174313320
1105.0328204632,0.6654375000,0.8718750000,1.0524375000,1.0721250000,0.0000000000,1.0588125000,0.0000000000,24.9276932011,35.4462328546,96242.5574721749
1110.5902121067,0.6654375000,0.8874375000,1.0522500000,1.0719375000,0.0000000000,1.0584375000,0.0000000000,24.9207224490,35.4349320726,96240.8257318359
1116.2134618759,0.6646875000,0.8878125000,1.0522500000,1.0721250000,0.0000000000,1.0584375000,-0.0001875000,24.9150191069,35.4406743231,96244.3512922897
1121.7983288765,0.6633750000,0.8827500000,1.0522500000,1.0721250000,0.0000000000,1.0584375000,0.0000000000,24.9181876302,35.4463256111,96243.1592868349
1127.4035053253,0.6637500000,0.8851875000,1.0520625000,1.0719375000,0.0000000000,1.0586250000,0.0000000000,24.9137516975,35.4520541510,96244.1711529632
1133.0180170536,0.6646875000,0.8666250000,1.0520625000,1.0719375000,0.0000000000,1.0586250000,-0.0001875000,24.9074146512,35.4578018221,96239.4351740066
1138.6786434650,0.6660000000,0.8632500000,1.0522500000,1.0719375000,0.0000000000,1.0588125000,-0.0001875000,24.9086820605,35.4179999134,96244.0715007476
1144.3523526192,0.6678750000,0.8540625000,1.0522500000,1.0723125000,0.0001875000,1.0590000000,-0.0001875000,24.9017113099,35.4635416100,96239.2454817431
1150.3201141357,0.6695625000,0.8581875000,1.0520625000,1.0725000000,0.0000000000,1.0590000000,0.0000000000,24.9004439008,35.4692370586,96242.1295829054
1156.2854287624,0.6708750000,0.8587500000,1.0528125000,1.0730625000,0.0000000000,1.0591875000,-0.0001875000,24.8953742645,35.4238159737,96244.0727294566
1162.2124416828,0.6710625000,0.8760000000,1.0522500000,1.0726875000,0.0001875000,1.0588125000,0.0000000000,24.8947405599,35.4749765809,96243.9826582723
1167.9597525597,0.6714375000,0.8722500000,1.0526250000,1.0726875000,0.0000000000,1.0588125000,0.0000000000,24.8915720374,35.5318465138,96241.7699269500
1173.7107205391,0.6710625000,0.8806875000,1.0528125000,1.0728750000,0.0000000000,1.0588125000,-0.0001875000,24.8839675838,35.4750839541,96242.6417970057
1179.4929697514,0.6705000000,0.8698125000,1.0528125000,1.0730625000,0.0000000000,1.0590000000,0.0000000000,24.8833338793,35.4750897049,96240.5089588250
1185.2858901024,0.6697500000,0.8750625000,1.0528125000,1.0732500000,0.0000000000,1.0590000000,0.0000000000,24.8757294264,35.5717839311,96241.3808076859
1191.0972712040,0.6690000000,0.8741250000,1.0528125000,1.0732500000,0.0001875000,1.0591875000,0.0000000000,24.8782642440,35.4580886632,96239.7283626647
1196.9005961418,0.6684375000,0.8580000000,1.0531875000,1.0734375000,0.0000000000,1.0595625000,0.0000000000,24.8706597915,35.4865812815,96241.2811071203
1202.8091561794,0.6673125000,0.8677500000,1.0533750000,1.0738125000,0.0001875000,1.0595625000,0.0000000000,24.8712934959,35.4297381128,96247.5293928733
1208.6637592316,0.6663750000,0.8778750000,1.0531875000,1.0738125000,0.0000000000,1.0597500000,0.0000000000,24.8706597915,35.5831993395,96246.3879261341
1214.5209238529,0.6645000000,0.8662500000,1.0533750000,1.0738125000,0.0000000000,1.0595625000,0.0000000000,24.8662238612,35.4638894807,96244.7060151055
1220.1389017105,0.6607500000,0.8767500000,1.0535625000,1.0738125000,0.0000000000,1.0599375000,0.0000000000,24.8624216354,35.4980282908,96245.4673207170
1225.8467376232,0.6575625000,0.8681250000,1.0535625000,1.0734375000,0.0000000000,1.0595625000,0.0000000000,24.8567182970,35.5151333963,96243.2348036439
1231.5035052299,0.6418125000,0.8611875000,1.0537500000,1.0736250000,0.0000000000,1.0599375000,-0.0001875000,24.8586194098,35.5776301114,96245.9181881759
1237.1503987312,0.6360000000,0.8943750000,1.0537500000,1.0734375000,0.0000000000,1.0599375000,-0.0001875000,24.8478464380,35.5095375002,96243.5558853899
1243.1623904705,0.6382500000,0.8553750000,1.0541250000,1.0740000000,0.0000000000,1.0601250000,0.0000000000,24.8478464380,35.5095375002,96241.8536741563
1248.8348503113,0.6436875000,0.8724375000,1.0546875000,1.0745625000,0.0000000000,1.0605000000,0.0000000000,24.8415093964,35.5493796452,96244.2972817289
1254.5497143269,0.6393750000,0.8836875000,1.0552500000,1.0751250000,0.0001875000,1.0608750000,0.0000000000,24.8434105089,35.5266285725,96245.6188566458
1260.2443273067,0.6380625000,0.8820000000,1.0556250000,1.0753125000,0.0000000000,1.0608750000,0.0000000000,24.8389745799,35.4016432097,96246.2900155636
1265.9653320312,0.6341250000,0.8790000000,1.0558125000,1.0751250000,0.0001875000,1.0606875000,-0.0001875000,24.8377071717,35.5266834174,96248.1524824686
1271.6582169533,0.6376875000,0.8756250000,1.0560000000,1.0753125000,0.0001875000,1.0610625000,0.0000000000,24.8421431006,35.5266418121,96246.0895551437
1277.4006428719,0.6425625000,0.8756250000,1.0560000000,1.0751250000,0.0001875000,1.0606875000,0.0000000000,24.8351723553,35.5323909733,96248.1025709002
